id,tr_sentence,de_translation,de_prompt,level,topic,subtopic,grammar_focus,difficulty,tr_tokens,cloze_tr,cloze_answer,alt_translations_de,register,tags
satz_0001,"Her sabah kahve içerim.","Ich trinke jeden Morgen Kaffee.","Kaffee trinken (morgens)",A1,alltag,tagesablauf,aorist,easy,"Her | sabah | kahve | içerim | .","Her sabah kahve ___ .",içerim,"Jeden Morgen trinke ich Kaffee.",neutral,"kaffee,morgen,routine"
satz_0002,"Merhaba, nasılsın?","Hallo, wie geht es dir?","Wie geht's?",A1,alltag,smalltalk,fragepartikel,easy,"Merhaba | , | nasılsın | ?","Merhaba, ___ ?",nasılsın,"Hallo, wie geht's?",umgangssprachlich,"begruessung,alltag"
satz_0003,"Randevum saat onda.","Mein Termin ist um zehn Uhr.","Termin um zehn",A1,alltag,termine,lokativ,easy,"Randevum | saat | onda | .","Randevum saat ___ .",onda,"Ich habe um zehn einen Termin.",neutral,"uhrzeit,planung"
satz_0004,"Saat kaç?","Wie spät ist es?","Uhrzeit fragen",A1,alltag,uhrzeit,frage,easy,"Saat | kaç | ?","Saat ___ ?",kaç,"Wie viel Uhr ist es?",neutral,"zeit,fragen"
satz_0005,"Bugün hava çok güzel.","Heute ist das Wetter sehr schön.","Schönes Wetter",A1,alltag,wetter,adjektiv,easy,"Bugün | hava | çok | güzel | .","Bugün hava çok ___ .",güzel,"Das Wetter ist heute toll.",neutral,"sonne,draussen"
satz_0006,"Akşamları kitap okurum.","Abends lese ich Bücher.","Bücher lesen",A1,alltag,tagesablauf,aorist,easy,"Akşamları | kitap | okurum | .","Akşamları kitap ___ .",okurum,"Ich lese abends.",neutral,"hobby,abend"
satz_0007,"Neler yapıyorsun?","Was machst du so?","Was machst du?",A2,alltag,smalltalk,y_or,easy,"Neler | yapıyorsun | ?","Neler ___ ?",yapıyorsun,"Was treibst du so?",umgangssprachlich,"gespraech,freund"
satz_0008,"Yarın boş musun?","Bist du morgen frei?","Morgen frei?",A2,alltag,termine,fragepartikel,medium,"Yarın | boş | musun | ?","Yarın boş ___ ?",musun,"Hast du morgen Zeit?",umgangssprachlich,"treffen,zeit"
satz_0009,"Toplantı saat ikide.","Das Meeting ist um zwei Uhr.","Meeting um zwei",A2,alltag,uhrzeit,lokativ,easy,"Toplantı | saat | ikide | .","Toplantı saat ___ .",ikide,"Die Besprechung ist um zwei.",neutral,"arbeit,zeitpunkt"
satz_0010,"Yarın yağmur yağacak.","Morgen wird es regnen.","Regen morgen",A2,alltag,wetter,futur,medium,"Yarın | yağmur | yağacak | .","Yarın yağmur ___ .",yağacak,"Es wird morgen regnen.",neutral,"regen,vorhersage"
satz_0011,"İşe gitmeden önce spor yaparım.","Bevor ich zur Arbeit gehe, mache ich Sport.","Sport vor der Arbeit",B1,alltag,tagesablauf,zarf_fiil,hard,"İşe | gitmeden | önce | spor | yaparım | .","İşe ___ önce spor yaparım.",gitmeden,"Ich treibe Sport, bevor ich arbeite.",neutral,"gesundheit,routine"
satz_0012,"Havadan sudan konuştuk.","Wir haben über Gott und die Welt geredet.","Über Belangloses reden",B1,alltag,smalltalk,idiom,medium,"Havadan | sudan | konuştuk | .","___ sudan konuştuk.",Havadan,"Wir haben Smalltalk gemacht.",umgangssprachlich,"plaudern,freunde"
satz_0013,"Randevumu iptal etmek zorundayım.","Ich muss meinen Termin absagen.","Termin absagen",B1,alltag,termine,muss_form,medium,"Randevumu | iptal | etmek | zorundayım | .","Randevumu iptal etmek ___ .",zorundayım,"Ich bin gezwungen, den Termin abzusagen.",formell,"absage,wichtig"
satz_0014,"Zamanın nasıl geçtiğini anlamadım.","Ich habe nicht gemerkt, wie die Zeit vergangen ist.","Zeit vergeht schnell",B2,alltag,uhrzeit,relativsatz,hard,"Zamanın | nasıl | geçtiğini | anlamadım | .","Zamanın nasıl ___ anlamadım.",geçtiğini,"Wie die Zeit verflogen ist, weiß ich nicht.",neutral,"erstaunen,zeitgefuehl"
satz_0015,"Fırtına yüzünden uçuşlar iptal edildi.","Wegen des Sturms wurden die Flüge gestrichen.","Flüge wegen Sturm gestrichen",B2,alltag,wetter,passiv,hard,"Fırtına | yüzünden | uçuşlar | iptal | edildi | .","Fırtına yüzünden uçuşlar iptal ___ .",edildi,"Die Flüge wurden sturmbedingt annulliert.",formell,"flughafen,gefahr"
satz_0016,"Benim adım Ali.","Mein Name ist Ali.","Name Ali",A1,familie,vorstellung,pronomen,easy,"Benim | adım | Ali | .","Benim ___ Ali.",adım,"Ich heiße Ali.",neutral,"kennenlernen,ich"
satz_0017,"Bu benim ablam.","Das ist meine ältere Schwester.","Meine Schwester",A1,familie,verwandtschaft,possessiv,easy,"Bu | benim | ablam | .","Bu benim ___ .",ablam,"Dies ist meine Schwester.",neutral,"geschwister,familie"
satz_0018,"Evi temizliy orum.","Ich putze das Haus.","Haus putzen",A1,familie,haushalt,y_or,easy,"Evi | temizliyorum | .","Evi ___ .",temizliyorum,"Ich mache die Wohnung sauber.",neutral,"putzen,wohnen"
satz_0019,"Çocuğum okula gidiyor.","Mein Kind geht zur Schule.","Kind in Schule",A1,familie,kinder,dativ,easy,"Çocuğum | okula | gidiyor | .","Çocuğum ___ gidiyor.",okula,"Mein Kind ist in der Schule.",neutral,"bildung,sohn"
satz_0020,"Misafir geliyor.","Besuch kommt.","Besuch kommt",A1,familie,besuche,y_or,easy,"Misafir | geliyor | .","___ geliyor.",Misafir,"Wir bekommen Gäste.",neutral,"gaeste,zuhause"
satz_0021,"Ben bir öğretmenim.","Ich bin ein Lehrer.","Lehrer sein",A1,familie,vorstellung,kopula,easy,"Ben | bir | öğretmenim | .","Ben bir ___ .",öğretmenim,"Ich arbeite als Lehrer.",neutral,"beruf,ich"
satz_0022,"Amcam Almanya'da yaşıyor.","Mein Onkel lebt in Deutschland.","Onkel in Deutschland",A2,familie,verwandtschaft,lokativ,medium,"Amcam | Almanya'da | yaşıyor | .","Amcam Almanya'da ___ .",yaşıyor,"Mein Onkel wohnt in Deutschland.",neutral,"ausland,leben"
satz_0023,"Bulaşıkları kim yıkayacak?","Wer wird das Geschirr spülen?","Geschirr spülen",A2,familie,haushalt,futur,medium,"Bulaşıkları | kim | yıkayacak | ?","Bulaşıkları kim ___ ?",yıkayacak,"Wer wäscht ab?",neutral,"kueche,frage"
satz_0024,"Bebek gece ağladı.","Das Baby hat nachts geweint.","Baby weinte",A2,familie,kinder,vergangenheit,easy,"Bebek | gece | ağladı | .","Bebek gece ___ .",ağladı,"Das Baby weinte in der Nacht.",neutral,"schlaf,laut"
satz_0025,"Ailemi ziyaret edeceğim.","Ich werde meine Familie besuchen.","Familie besuchen",A2,familie,besuche,futur,medium,"Ailemi | ziyaret | edeceğim | .","Ailemi ziyaret ___ .",edeceğim,"Ich besuche meine Familie.",neutral,"reise,wochenende"
satz_0026,"Kendimi tanıtmama izin verin.","Erlauben Sie mir, mich vorzustellen.","Sich vorstellen",B1,familie,vorstellung,infinitiv,hard,"Kendimi | tanıtmama | izin | verin | .","Kendimi ___ izin verin.",tanıtmama,"Lassen Sie mich mich vorstellen.",formell,"hoeflich,anfang"
satz_0027,"Kuzenlerimle tatilde buluşuruz.","Wir treffen uns im Urlaub mit meinen Cousins.","Cousins treffen",B1,familie,verwandtschaft,aorist,medium,"Kuzenlerimle | tatilde | buluşuruz | .","Kuzenlerimle tatilde ___ .",buluşuruz,"Ich treffe meine Cousins im Urlaub.",neutral,"sommer,familie"
satz_0028,"Çamaşırları elde yıkadım.","Ich habe die Wäsche mit der Hand gewaschen.","Wäsche Handwäsche",B1,familie,haushalt,vergangenheit,medium,"Çamaşırları | elde | yıkadım | .","Çamaşırları elde ___ .",yıkadım,"Die Wäsche wusch ich per Hand.",neutral,"kleidung,bad"
satz_0029,"Ergenlik çağındaki çocuklarla konuşmak zordur.","Es ist schwer, mit Kindern in der Pubertät zu sprechen.","Mit Teenagern sprechen",B2,familie,kinder,adjektiv,hard,"Ergenlik | çağındaki | çocuklarla | konuşmak | zordur | .","Ergenlik çağındaki çocuklarla konuşmak ___ .",zordur,"Die Kommunikation mit Teenagern ist schwierig.",neutral,"alter,psychologie"
satz_0030,"Akrabalık bağlarını güçlü tutmalıyız.","Wir müssen die familiären Bindungen stark halten.","Familienbande stärken",B2,familie,besuche,necessitativ,hard,"Akrabalık | bağlarını | güçlü | tutmalıyız | .","Akrabalık bağlarını güçlü ___ .",tutmalıyız,"Familienzusammenhalt muss gepflegt werden.",formell,"tradition,wichtig"
satz_0031,"Ben ofiste çalışıyorum.","Ich arbeite im Büro.","Im Büro arbeiten",A1,arbeit,buero,y_or,easy,"Ben | ofiste | çalışıyorum | .","Ben ofiste ___ .",çalışıyorum,"Ich bin im Büro tätig.",neutral,"job,schreibtisch"
satz_0032,"Toplantı ne zaman?","Wann ist das Meeting?","Wann Meeting",A1,arbeit,meeting,frage,easy,"Toplantı | ne | zaman | ?","Toplantı ne ___ ?",zaman,"Wann findet die Besprechung statt?",neutral,"uhrzeit,buero"
satz_0033,"E-posta gönderdim.","Ich habe eine E-Mail gesendet.","E-Mail gesendet",A1,arbeit,kommunikation,vergangenheit,easy,"E-posta | gönderdim | .","E-posta ___ .",gönderdim,"Die Mail ist raus.",neutral,"nachricht,internet"
satz_0034,"İş arıyorum.","Ich suche Arbeit.","Arbeit suchen",A1,arbeit,bewerbung,y_or,easy,"İş | arıyorum | .","İş ___ .",arıyorum,"Ich bin auf Jobsuche.",neutral,"karriere,neu"
satz_0035,"Bu benim işim.","Das ist meine Arbeit.","Meine Arbeit",A1,arbeit,aufgaben,possessiv,easy,"Bu | benim | işim | .","Bu benim ___ .",işim,"Das ist mein Job.",neutral,"verantwortung,ich"
satz_0036,"Bilgisayarım çalışmıyor.","Mein Computer funktioniert nicht.","PC kaputt",A2,arbeit,buero,negation_degil,medium,"Bilgisayarım | çalışmıyor | .","Bilgisayarım ___ .",çalışmıyor,"Mein Rechner geht nicht.",neutral,"technik,problem"
satz_0037,"Toplantıya geç kalacağım.","Ich werde zu spät zum Meeting kommen.","Verspätung Meeting",A2,arbeit,meeting,futur,medium,"Toplantıya | geç | kalacağım | .","Toplantıya geç ___ .",kalacağım,"Ich verspäte mich zur Besprechung.",neutral,"zeit,entschuldigung"
satz_0038,"Müdürle konuşmam lazım.","Ich muss mit dem Manager sprechen.","Mit Manager reden",A2,arbeit,kommunikation,muss_form,medium,"Müdürle | konuşmam | lazım | .","Müdürle konuşmam ___ .",lazım,"Ich brauche ein Gespräch mit dem Chef.",neutral,"chef,wichtig"
satz_0039,"Özgeçmişimi hazırladım.","Ich habe meinen Lebenslauf vorbereitet.","Lebenslauf fertig",A2,arbeit,bewerbung,vergangenheit,medium,"Özgeçmişimi | hazırladım | .","___ hazırladım.",Özgeçmişimi,"Mein CV ist bereit.",neutral,"papier,suche"
satz_0040,"Raporu yarına bitirmeliyim.","Ich muss den Bericht bis morgen beenden.","Bericht bis morgen",A2,arbeit,aufgaben,necessitativ,medium,"Raporu | yarına | bitirmeliyim | .","Raporu yarına ___ .",bitirmeliyim,"Der Report muss morgen fertig sein.",neutral,"stress,deadline"
satz_0041,"Yeni ofisimiz merkeze yakın.","Unser neues Büro ist in der Nähe des Zentrums.","Neues Büro zentral",B1,arbeit,buero,lokativ,medium,"Yeni | ofisimiz | merkeze | yakın | .","Yeni ofisimiz merkeze ___ .",yakın,"Wir haben ein zentrales neues Büro.",neutral,"stadt,ort"
satz_0042,"Gündemi herkese gönderdim.","Ich habe die Tagesordnung an alle geschickt.","Agenda verschickt",B1,arbeit,meeting,dativ,medium,"Gündemi | herkese | gönderdim | .","Gündemi herkese ___ .",gönderdim,"Jeder hat die Agenda erhalten.",neutral,"plan,team"
satz_0043,"Etkili iletişim başarının anahtarıdır.","Effektive Kommunikation ist der Schlüssel zum Erfolg.","Kommunikation ist wichtig",B1,arbeit,kommunikation,genitiv,hard,"Etkili | iletişim | başarının | anahtarıdır | .","Etkili iletişim başarının ___ .",anahtarıdır,"Gute Kommunikation bringt Erfolg.",formell,"regel,karriere"
satz_0044,"Mülakat sırasında çok heyecanlandım.","Ich war während des Vorstellungsgesprächs sehr aufgeregt.","Nervös im Interview",B2,arbeit,bewerbung,postposition,hard,"Mülakat | sırasında | çok | heyecanlandım | .","Mülakat ___ çok heyecanlandım.",sırasında,"Beim Interview war ich total nervös.",neutral,"gefuehl,job"
satz_0045,"Zamanı verimli kullanmak zordur.","Es ist schwer, die Zeit effizient zu nutzen.","Zeit effizient nutzen",B2,arbeit,aufgaben,infinitiv,hard,"Zamanı | verimli | kullanmak | zordur | .","Zamanı verimli kullanmak ___ .",zordur,"Zeitmanagement ist eine Herausforderung.",neutral,"planung,projekt"
satz_0046,"Pasaportum burada.","Mein Reisepass ist hier.","Pass hier",A1,reisen,flughafen,lokativ,easy,"Pasaportum | burada | .","Pasaportum ___ .",burada,"Hier ist mein Pass.",neutral,"dokument,grenze"
satz_0047,"Bir oda istiyorum.","Ich möchte ein Zimmer.","Zimmer bitte",A1,reisen,hotel,y_or,easy,"Bir | oda | istiyorum | .","Bir oda ___ .",istiyorum,"Ich hätte gerne ein Zimmer.",neutral,"schlafen,urlaub"
satz_0048,"Tren nerede?","Wo ist der Zug?","Wo Zug",A1,reisen,bahn,frage,easy,"Tren | nerede | ?","Tren ___ ?",nerede,"Wo fährt der Zug?",neutral,"bahnhof,gleis"
satz_0049,"Tuvalet nerede?","Wo ist die Toilette?","Wo Toilette",A1,reisen,wegbeschreibung,frage,easy,"Tuvalet | nerede | ?","Tuvalet ___ ?",nerede,"Können Sie mir sagen, wo das Klo ist?",neutral,"dringend,ort"
satz_0050,"Hesap lütfen.","Die Rechnung bitte.","Rechnung bitte",A1,reisen,restaurant,ausruf,easy,"Hesap | lütfen | .","___ lütfen.",Hesap,"Wir möchten zahlen.",neutral,"geld,essen"
satz_0051,"Uçağım saat beşte.","Mein Flug ist um fünf Uhr.","Flug um fünf",A2,reisen,flughafen,lokativ,easy,"Uçağım | saat | beşte | .","Uçağım saat ___ .",beşte,"Ich fliege um fünf.",neutral,"zeit,abflug"
satz_0052,"Kahvaltı dahil mi?","Ist das Frühstück inklusive?","Frühstück dabei",A2,reisen,hotel,fragepartikel,medium,"Kahvaltı | dahil | mi | ?","Kahvaltı dahil ___ ?",mi,"Gehört Frühstück dazu?",neutral,"morgen,essen"
satz_0053,"Bilet gişesi açık mı?","Ist der Fahrkartenschalter offen?","Schalter offen",A2,reisen,bahn,fragepartikel,medium,"Bilet | gişesi | açık | mı | ?","Bilet gişesi açık ___ ?",mı,"Haben die Kassen geöffnet?",neutral,"kaufen,ticket"
satz_0054,"Hastaneye nasıl giderim?","Wie komme ich zum Krankenhaus?","Weg zum Krankenhaus",A2,reisen,wegbeschreibung,aorist,medium,"Hastaneye | nasıl | giderim | ?","Hastaneye nasıl ___ ?",giderim,"Wo geht's zum Krankenhaus?",neutral,"richtung,hilfe"
satz_0055,"Masa ayırtmak istiyorum.","Ich möchte einen Tisch reservieren.","Tisch reservieren",A2,reisen,restaurant,infinitiv,medium,"Masa | ayırtmak | istiyorum | .","Masa ayırtmak ___ .",istiyorum,"Ich brauche eine Reservierung.",neutral,"platz,abend"
satz_0056,"Bagaj alanını bulamıyorum.","Ich kann die Gepäckausgabe nicht finden.","Gepäckausgabe suchen",B1,reisen,flughafen,negation,medium,"Bagaj | alanını | bulamıyorum | .","Bagaj alanını ___ .",bulamıyorum,"Wo ist die Gepäckrückgabe?",neutral,"koffer,verloren"
satz_0057,"Rezervasyonumu uzatmak mümkün mü?","Ist es möglich, meine Reservierung zu verlängern?","Reservierung verlängern",B1,reisen,hotel,frage,hard,"Rezervasyonumu | uzatmak | mümkün | mü | ?","Rezervasyonumu uzatmak mümkün ___ ?",mü,"Kann ich länger bleiben?",formell,"bleiben,zimmer"
satz_0058,"Hızlı tren daha ucuz.","Der Schnellzug ist billiger.","Schnellzug billiger",B1,reisen,bahn,komparativ,medium,"Hızlı | tren | daha | ucuz | .","Hızlı tren ___ ucuz.",daha,"ICE fahren kostet weniger.",neutral,"preis,fahrt"
satz_0059,"Meydanı geçip sağa dönün.","Überqueren Sie den Platz und biegen Sie rechts ab.","Platz dann rechts",B2,reisen,wegbeschreibung,zarf_fiil,hard,"Meydanı | geçip | sağa | dönün | .","Meydanı geçip sağa ___ .",dönün,"Nach dem Platz rechts abbiegen.",formell,"richtung,stadt"
satz_0060,"Garson bize detaylı bilgi verdi.","Der Kellner gab uns detaillierte Informationen.","Kellner informierte",B2,reisen,restaurant,vergangenheit,medium,"Garson | bize | detaylı | bilgi | verdi | .","Garson bize detaylı bilgi ___ .",verdi,"Wir wurden gut vom Kellner beraten.",neutral,"menue,service"
satz_0061,"Süt almak istiyorum.","Ich möchte Milch kaufen.","Milch kaufen",A1,einkaufen,supermarkt,infinitiv,easy,"Süt | almak | istiyorum | .","Süt almak ___ .",istiyorum,"Ich brauche Milch.",neutral,"getraenk,laden"
satz_0062,"Bu gömlek çok güzel.","Dieses Hemd ist sehr schön.","Schönes Hemd",A1,einkaufen,kleidung,adjektiv,easy,"Bu | gömlek | çok | güzel | .","Bu gömlek çok ___ .",güzel,"Das Hemd gefällt mir.",neutral,"mode,tragen"
satz_0063,"Bu ne kadar?","Wie viel kostet das?","Preis fragen",A1,einkaufen,preis,frage,easy,"Bu | ne | kadar | ?","Bu ne ___ ?",kadar,"Was kostet das?",neutral,"geld,kaufen"
satz_0064,"Nakit ödeyeceğim.","Ich werde bar bezahlen.","Bar zahlen",A1,einkaufen,bezahlen,futur,easy,"Nakit | ödeyeceğim | .","Nakit ___ .",ödeyeceğim,"Ich zahle mit Bargeld.",neutral,"kasse,geld"
satz_0065,"Elma taze mi?","Sind die Äpfel frisch?","Äpfel frisch",A1,einkaufen,markt,fragepartikel,easy,"Elma | taze | mi | ?","Elma taze ___ ?",mi,"Ist der Apfel frisch?",neutral,"obst,lecker"
satz_0066,"Alışveriş arabası nerede?","Wo ist der Einkaufswagen?","Einkaufswagen wo",A2,einkaufen,supermarkt,frage,easy,"Alışveriş | arabası | nerede | ?","Alışveriş arabası ___ ?",nerede,"Haben Sie Einkaufswagen?",neutral,"tragen,laden"
satz_0067,"Büyük bedeni var mı?","Gibt es das in einer größeren Größe?","Größer da?",A2,einkaufen,kleidung,fragepartikel,medium,"Büyük | bedeni | var | mı | ?","Büyük bedeni var ___ ?",mı,"Haben Sie eine Nummer größer?",neutral,"passen,anziehen"
satz_0068,"İndirim yapıyor musunuz?","Machen Sie einen Rabatt?","Rabatt möglich?",A2,einkaufen,preis,y_or,medium,"İndirim | yapıyor | musunuz | ?","İndirim yapıyor ___ ?",musunuz,"Gibt es Nachlass?",neutral,"feilschen,guenstig"
satz_0069,"Kredi kartı geçiyor mu?","Wird Kreditkarte akzeptiert?","Kreditkarte möglich?",A2,einkaufen,bezahlen,y_or,medium,"Kredi | kartı | geçiyor | mu | ?","Kredi kartı geçiyor ___ ?",mu,"Kann ich mit Karte zahlen?",neutral,"plastik,kasse"
satz_0070,"İki kilo domates lütfen.","Zwei Kilo Tomaten bitte.","Zwei Kilo Tomaten",A2,einkaufen,markt,bitte,easy,"İki | kilo | domates | lütfen | .","İki kilo ___ lütfen.",domates,"Ich nehme zwei Kilo Tomaten.",neutral,"gemuese,waage"
satz_0071,"Organik reyonu nerede?","Wo ist die Bio-Abteilung?","Bio Abteilung suchen",B1,einkaufen,supermarkt,lokativ,medium,"Organik | reyonu | nerede | ?","Organik reyonu ___ ?",nerede,"Ich suche Bio-Produkte.",neutral,"gesund,essen"
satz_0072,"Kabini kullanabilir miyim?","Darf ich die Umkleidekabine benutzen?","Umkleide nutzen",B1,einkaufen,kleidung,moeglichkeit,medium,"Kabini | kullanabilir | miyim | ?","Kabini kullanabilir ___ ?",miyim,"Wo kann ich das anprobieren?",neutral,"probieren,raum"
satz_0073,"Fiyatlar çok artmış.","Die Preise sind sehr gestiegen.","Preise gestiegen",B1,einkaufen,preis,mis_vergangenheit,medium,"Fiyatlar | çok | artmış | .","Fiyatlar çok ___ .",artmış,"Alles ist teurer geworden.",neutral,"inflation,teuer"
satz_0074,"Temassız ödeme çalışmıyor.","Das kontaktlose Bezahlen funktioniert nicht.","Kontaktlos kaputt",B2,einkaufen,bezahlen,negation,hard,"Temassız | ödeme | çalışmıyor | .","Temassız ödeme ___ .",çalışmıyor,"Kontaktlos geht leider nicht.",neutral,"technik,karte"
satz_0075,"Esnaf yarışıyordu.","Die Händler wetteiferten miteinander.","Händler Wettkampf",B2,einkaufen,markt,y_or,hard,"Esnaf | yarışıyordu | .","___ yarışıyordu.",Esnaf,"Die Verkäufer überboten sich.",neutral,"laut,verkauf"
satz_0076,"Ben hastayım.","Ich bin krank.","Ich krank",A1,gesundheit,arzt,kopula,easy,"Ben | hastayım | .","Ben ___ .",hastayım,"Mir geht es schlecht.",neutral,"schlecht,fuehlen"
satz_0077,"Eczane nerede?","Wo ist die Apotheke?","Apotheke wo",A1,gesundheit,apotheke,frage,easy,"Eczane | nerede | ?","___ nerede?",Eczane,"Wo gibt es Medikamente?",neutral,"medizin,kaufen"
satz_0078,"Başım ağrıyor.","Mein Kopf tut weh.","Kopfschmerzen",A1,gesundheit,symptome,y_or,easy,"Başım | ağrıyor | .","Başım ___ .",ağrıyor,"Ich habe Kopfschmerzen.",neutral,"schmerz,kopf"
satz_0079,"Ambulans çağırın!","Rufen Sie einen Krankenwagen!","Krankenwagen rufen",A1,gesundheit,notfall,imperativ,easy,"Ambulans | çağırın | !","Ambulans ___ !",çağırın,"Holen Sie Hilfe!",formell,"gefahr,schnell"
satz_0080,"İlaç lazım.","Medizin wird benötigt.","Medizin nötig",A1,gesundheit,beratung,adjektiv,easy,"İlaç | lazım | .","İlaç ___ .",lazım,"Ich brauche Medikamente.",neutral,"pille,gesund"
satz_0081,"Doktordan randevu aldım.","Ich habe einen Arzttermin gemacht.","Arzttermin gemacht",A2,gesundheit,arzt,vergangenheit,medium,"Doktordan | randevu | aldım | .","Doktordan randevu ___ .",aldım,"Ich bin beim Arzt angemeldet.",neutral,"termin,krank"
satz_0082,"Nöbetçi eczane arıyorum.","Ich suche eine Notdienstapotheke.","Notapotheke suchen",A2,gesundheit,apotheke,y_or,medium,"Nöbetçi | eczane | arıyorum | .","Nöbetçi eczane ___ .",arıyorum,"Wo ist hier Notdienst?",neutral,"nacht,medizin"
satz_0083,"Ateşim var.","Ich habe Fieber.","Ich habe Fieber",A2,gesundheit,symptome,var_yok,easy,"Ateşim | var | .","Ateşim ___ .",var,"Mir ist heiß.",neutral,"heiss,krankheit"
satz_0084,"Durum acil.","Die Situation ist dringend.","Dringend",A2,gesundheit,notfall,adjektiv,easy,"Durum | acil | .","Durum ___ .",acil,"Es ist ein Notfall.",neutral,"schnell,wichtig"
satz_0085,"Çok su içmeliyim.","Ich muss viel Wasser trinken.","Viel Wasser trinken",A2,gesundheit,beratung,necessitativ,medium,"Çok | su | içmeliyim | .","Çok su ___ .",içmeliyim,"Trinken ist wichtig.",neutral,"gesund,durst"
satz_0086,"Kan tahlili sonuçlarım nerede?","Wo sind meine Bluttest-Ergebnisse?","Bluttest Ergebnisse",B1,gesundheit,arzt,frage,medium,"Kan | tahlili | sonuçlarım | nerede | ?","Kan tahlili sonuçlarım ___ ?",nerede,"Haben Sie mein Blutbild?",neutral,"labor,warten"
satz_0087,"Sigorta karşılıyor mu?","Übernimmt das die Versicherung?","Versicherung zahlt?",B1,gesundheit,apotheke,fragepartikel,medium,"Sigorta | karşılıyor | mu | ?","Sigorta karşılıyor ___ ?",mu,"Zahlt das die Kasse?",neutral,"geld,rezept"
satz_0088,"Midem bulanıyor.","Mir ist schlecht.","Mir übel",B1,gesundheit,symptome,y_or,medium,"Midem | bulanıyor | .","Midem ___ .",bulanıyor,"Ich habe Übelkeit.",neutral,"bauch,schmerz"
satz_0089,"İlk müdahale yapıldı.","Die Erste Hilfe wurde geleistet.","Erste Hilfe geleistet",B2,gesundheit,notfall,passiv,hard,"İlk | müdahale | yapıldı | .","İlk müdahale ___ .",yapıldı,"Man hat sie sofort versorgt.",formell,"unfall,rettung"
satz_0090,"Düzenli egzersiz faydalıdır.","Regelmäßige Bewegung ist nützlich.","Bewegung gut",B2,gesundheit,beratung,adjektiv,hard,"Düzenli | egzersiz | faydalıdır | .","Düzenli egzersiz ___ .",faydalıdır,"Sport hilft der Gesundheit.",neutral,"sport,tipp"
satz_0091,"Futbol oynuyorum.","Ich spiele Fußball.","Fußball spielen",A1,freizeit,sport,y_or,easy,"Futbol | oynuyorum | .","Futbol ___ .",oynuyorum,"Ich kicke gern.",neutral,"ball,rasen"
satz_0092,"Resim yapıyorum.","Ich male Bilder.","Bilder malen",A1,freizeit,hobby,y_or,easy,"Resim | yapıyorum | .","Resim ___ .",yapıyorum,"Ich zeichne.",neutral,"kunst,farben"
satz_0093,"Film çok güzel.","Der Film ist sehr gut.","Film gut",A1,freizeit,kino,adjektiv,easy,"Film | çok | güzel | .","Film çok ___ .",güzel,"Toller Film.",neutral,"ansehen,leinwand"
satz_0094,"Müzik dinliyorum.","Ich höre Musik.","Musik hören",A1,freizeit,musik,y_or,easy,"Müzik | dinliyorum | .","Müzik ___ .",dinliyorum,"Ich höre mir Lieder an.",neutral,"klang,kopfhoerer"
satz_0095,"Bugün cumartesi.","Heute ist Samstag.","Heute Samstag",A1,freizeit,wochenende,nomen,easy,"Bugün | cumartesi | .","Bugün ___ .",cumartesi,"Es ist Samstag.",neutral,"tag,frei"
satz_0096,"Yüzmeyi seviyorum.","Ich schwimme gerne.","Schwimmen mögen",A1,freizeit,sport,akkusativ,easy,"Yüzmeyi | seviyorum | .","___ seviyorum.",Yüzmeyi,"Ich liebe Schwimmen.",neutral,"wasser,pool"
satz_0097,"Gitar çalıyorum.","Ich spiele Gitarre.","Gitarre spielen",A2,freizeit,hobby,y_or,easy,"Gitar | çalıyorum | .","Gitar ___ .",çalıyorum,"Ich mache Gitarrenmusik.",neutral,"instrument,lied"
satz_0098,"Hangi filme gidelim?","In welchen Film sollen wir gehen?","Welcher Film",A2,freizeit,kino,optativ,medium,"Hangi | filme | gidelim | ?","Hangi filme ___ ?",gidelim,"Was schauen wir uns an?",neutral,"auswahl,popcorn"
satz_0099,"Konser bileti aldım.","Ich habe ein Konzertticket gekauft.","Konzertticket gekauft",A2,freizeit,musik,vergangenheit,medium,"Konser | bileti | aldım | .","Konser bileti ___ .",aldım,"Ich habe Karten fürs Konzert.",neutral,"live,band"
satz_0100,"Hafta sonu ne yapacaksın?","Was machst du am Wochenende?","Wochenende Pläne",A2,freizeit,wochenende,futur,medium,"Hafta | sonu | ne | yapacaksın | ?","Hafta sonu ne ___ ?",yapacaksın,"Hast du am Wochenende was vor?",neutral,"plan,frage"
satz_0101,"Spor salonuna gidiyorum.","Ich gehe ins Fitnessstudio.","Fitnessstudio gehen",B1,freizeit,sport,dativ,medium,"Spor | salonuna | gidiyorum | .","Spor salonuna ___ .",gidiyorum,"Ich trainiere im Gym.",neutral,"kraft,gesund"
satz_0102,"Kursa yazılmayı planlıyorum.","Ich plane, mich für den Kurs anzumelden.","Kurs anmelden",B1,freizeit,hobby,infinitiv,hard,"Kursa | yazılmayı | planlıyorum | .","Kursa yazılmayı ___ .",planlıyorum,"Ich will einen Kurs belegen.",neutral,"lernen,neu"
satz_0103,"Film çok sıkıcıydı.","Der Film war sehr langweilig.","Film langweilig",B1,freizeit,kino,vergangenheit,medium,"Film | çok | sıkıcıydı | .","Film çok ___ .",sıkıcıydı,"Ich fand den Film öde.",neutral,"schlecht,zeit"
satz_0104,"Albüm beğenilmedi.","Das Album kam nicht gut an.","Album schlecht bewertet",B2,freizeit,musik,passiv,hard,"Albüm | beğenilmedi | .","Albüm ___ .",beğenilmedi,"Es gefiel den Leuten nicht.",neutral,"kritik,neu"
satz_0105,"Bungalov kiraladık.","Wir haben einen Bungalow gemietet.","Bungalow gemietet",B2,freizeit,wochenende,vergangenheit,medium,"Bungalov | kiraladık | .","Bungalov ___ .",kiraladık,"Wir mieteten eine Hütte.",neutral,"natur,ausflug"
satz_0106,"Yumurta yiyorum.","Ich esse Ei.","Ei essen",A1,essen,fruehstueck,y_or,easy,"Yumurta | yiyorum | .","Yumurta ___ .",yiyorum,"Ich frühstücke Ei.",neutral,"morgen,gesund"
satz_0107,"Yemek yapıyorum.","Ich koche Essen.","Essen kochen",A1,essen,kochen,y_or,easy,"Yemek | yapıyorum | .","Yemek ___ .",yapıyorum,"Ich bereite Essen zu.",neutral,"kueche,heiss"
satz_0108,"Menü nerede?","Wo ist die Speisekarte?","Menü wo",A1,essen,speisekarte,frage,easy,"Menü | nerede | ?","Menü ___ ?",nerede,"Kann ich die Karte sehen?",neutral,"restaurant,auswahl"
satz_0109,"Çay istiyorum.","Ich möchte Tee.","Tee bitte",A1,essen,bestellen,y_or,easy,"Çay | istiyorum | .","Çay ___ .",istiyorum,"Ich trinke Tee.",neutral,"heiss,trinken"
satz_0110,"Ekmek alacağım.","Ich werde Brot kaufen.","Brot kaufen",A1,essen,lebensmittel,futur,easy,"Ekmek | alacağım | .","Ekmek ___ .",alacağım,"Ich hole Brot.",neutral,"baeckerei,frisch"
satz_0111,"Peynir yerim.","Ich esse Käse.","Käse essen",A2,essen,fruehstueck,aorist,easy,"Peynir | yerim | .","Peynir ___ .",yerim,"Oft esse ich Käse.",neutral,"gelb,brot"
satz_0112,"Ne pişireceksin?","Was wirst du kochen?","Was kochen",A2,essen,kochen,futur,medium,"Ne | pişireceksin | ?","Ne ___ ?",pişireceksin,"Was machst du zu essen?",neutral,"herd,plan"
satz_0113,"Vejetaryen yemek var mı?","Gibt es vegetarisches Essen?","Vegetarisch da?",A2,essen,speisekarte,var_yok,medium,"Vejetaryen | yemek | var | mı | ?","Vejetaryen yemek var ___ ?",mı,"Haben Sie fleischlos?",neutral,"gemuese,gesund"
satz_0114,"Sipariş vermek istiyoruz.","Wir möchten bestellen.","Wir wollen bestellen",A2,essen,bestellen,infinitiv,medium,"Sipariş | vermek | istiyoruz | .","Sipariş vermek ___ .",istiyoruz,"Wir sind bereit zu bestellen.",neutral,"kellner,warten"
satz_0115,"Sebze kalmamış.","Es ist kein Gemüse übrig geblieben.","Kein Gemüse mehr",A2,essen,lebensmittel,mis_vergangenheit,medium,"Sebze | kalmamış | .","Sebze ___ .",kalmamış,"Wir haben kein Gemüse mehr.",neutral,"leer,einkauf"
satz_0116,"Türk kahvaltısı meşhurdur.","Das türkische Frühstück ist berühmt.","Frühstück berühmt",B1,essen,fruehstueck,adjektiv,medium,"Türk | kahvaltısı | meşhurdur | .","Türk kahvaltısı ___ .",meşhurdur,"Man kennt unser Frühstück.",neutral,"tradition,viel"
satz_0117,"Tuz ekleyebilir misin?","Kannst du Salz hinzufügen?","Salz dazu?",B1,essen,kochen,moeglichkeit,medium,"Tuz | ekleyebilir | misin | ?","Tuz ekleyebilir ___ ?",misin,"Mach bitte Salz dran.",neutral,"gewuerz,geschmack"
satz_0118,"Çorbayı unuttu.","Er hat die Suppe vergessen.","Suppe vergessen",B1,essen,speisekarte,vergangenheit,medium,"Çorbayı | unuttu | .","Çorbayı ___ .",unuttu,"Die Suppe wurde vergessen.",neutral,"fehler,kellner"
satz_0119,"Siparişi geri gönderdik.","Wir haben die Bestellung zurückgeschickt.","Bestellung zurück",B2,essen,bestellen,vergangenheit,hard,"Siparişi | geri | gönderdik | .","Siparişi geri ___ .",gönderdik,"Das Essen ging zurück.",neutral,"falsch,reklamation"
satz_0120,"Gıda fiyatları arttı.","Die Lebensmittelpreise sind gestiegen.","Preise hoch",B2,essen,lebensmittel,vergangenheit,hard,"Gıda | fiyatları | arttı | .","Gıda fiyatları ___ .",arttı,"Essen ist teuer geworden.",neutral,"markt,teuer"
satz_0121,"Evim büyük.","Mein Haus ist groß.","Haus groß",A1,wohnen,wohnung,adjektiv,easy,"Evim | büyük | .","Evim ___ .",büyük,"Ich habe ein großes Haus.",neutral,"platz,schoen"
satz_0122,"Kiram ucuz.","Meine Miete ist billig.","Miete billig",A1,wohnen,miete,adjektiv,easy,"Kiram | ucuz | .","Kiram ___ .",ucuz,"Ich zahle wenig Miete.",neutral,"geld,wohnung"
satz_0123,"Komşum iyi.","Mein Nachbar ist gut.","Nachbar gut",A1,wohnen,nachbarn,adjektiv,easy,"Komşum | iyi | .","Komşum ___ .",iyi,"Ich mag meine Nachbarn.",neutral,"leute,haus"
satz_0124,"Masa aldım.","Ich habe einen Tisch gekauft.","Tisch gekauft",A1,wohnen,moebel,vergangenheit,easy,"Masa | aldım | .","Masa ___ .",aldım,"Ein neuer Tisch ist da.",neutral,"essen,zimmer"
satz_0125,"Kapı bozuk.","Die Tür ist kaputt.","Tür kaputt",A1,wohnen,reparatur,adjektiv,easy,"Kapı | bozuk | .","Kapı ___ .",bozuk,"Meine Tür klemmt.",neutral,"schluessel,problem"
satz_0126,"Daire arıyorum.","Ich suche eine Wohnung.","Wohnung suchen",A2,wohnen,wohnung,y_or,easy,"Daire | arıyorum | .","Daire ___ .",arıyorum,"Ich brauche eine Bleibe.",neutral,"mieten,umzug"
satz_0127,"Kirayı ödüyorum.","Ich zahle die Miete.","Miete zahlen",A2,wohnen,miete,y_or,easy,"Kirayı | ödüyorum | .","Kirayı ___ .",ödüyorum,"Das Geld ist überwiesen.",neutral,"bank,monat"
satz_0128,"Komşu gürültü yapıyor.","Der Nachbar macht Lärm.","Nachbar laut",A2,wohnen,nachbarn,y_or,medium,"Komşu | gürültü | yapıyor | .","Komşu gürültü ___ .",yapıyor,"Es ist laut von nebenan.",neutral,"laut,nervig"
satz_0129,"Koltuk rahat.","Das Sofa ist bequem.","Sofa bequem",A2,wohnen,moebel,adjektiv,easy,"Koltuk | rahat | .","Koltuk ___ .",rahat,"Der Sessel ist gut.",neutral,"sitzen,wohnzimmer"
satz_0130,"Evi taşırken korkuyorum.","Ich habe Angst beim Umziehen.","Angst Umzug",B1,wohnen,wohnung,zarf_fiil,hard,"Evi | taşırken | korkuyorum | .","Evi ___ korkuyorum.",taşırken,"Umzug stresst mich.",neutral,"kartons,schwer"
satz_0131,"Sözleşmeyi yenilemeyecek.","Er wird den Vertrag nicht erneuern.","Vertrag nicht neu",B1,wohnen,miete,futur,hard,"Sözleşmeyi | yenilemeyecek | .","Sözleşmeyi ___ .",yenilemeyecek,"Der Mietvertrag läuft aus.",formell,"ende,papier"
satz_0132,"Herkes yardım eder.","Jeder hilft.","Jeder hilft",B1,wohnen,nachbarn,aorist,medium,"Herkes | yardım | eder | .","Herkes yardım ___ .",eder,"Wir unterstützen uns.",neutral,"zusammen,gut"
satz_0133,"Mobilyalar çok şık.","Die Möbel sind sehr schick.","Möbel schick",B2,wohnen,moebel,adjektiv,medium,"Mobilyalar | çok | şık | .","Mobilyalar çok ___ .",şık,"Schöne Einrichtung.",neutral,"design,alt"
satz_0134,"Usta çağırdık.","Wir haben einen Handwerker gerufen.","Handwerker rufen",B2,wohnen,reparatur,vergangenheit,medium,"Usta | çağırdık | .","Usta ___ .",çağırdık,"Der Profi musste kommen.",neutral,"kaputt,hilfe"
satz_0135,"Kombi arızalandı.","Die Heiztherme ist kaputtgegangen.","Heizung kaputt",B2,wohnen,reparatur,vergangenheit,medium,"Kombi | arızalandı | .","Kombi ___ .",arızalandı,"Heizung fiel aus.",neutral,"kalt,winter"
satz_0136,"Telefonum çalıyor.","Mein Telefon klingelt.","Telefon klingelt",A1,technik,handy,y_or,easy,"Telefonum | çalıyor | .","Telefonum ___ .",çalıyor,"Jemand ruft an.",neutral,"anruf,laut"
satz_0137,"İnternet yavaş.","Das Internet ist langsam.","Internet langsam",A1,technik,internet,adjektiv,easy,"İnternet | yavaş | .","İnternet ___ .",yavaş,"Verbindung hakt.",neutral,"laden,warten"
satz_0138,"Bilgisayarım yeni.","Mein Computer ist neu.","PC neu",A1,technik,computer,adjektiv,easy,"Bilgisayarım | yeni | .","Bilgisayarım ___ .",yeni,"Ich habe einen neuen Laptop.",neutral,"bildschirm,schnell"
satz_0139,"Yardım et!","Hilf mir!","Hilfe!",A1,technik,hilfe,imperativ,easy,"Yardım | et | !","Yardım ___ !",et,"Brauche Hilfe!",neutral,"problem,schnell"
satz_0140,"Televizyon bozuldu.","Der Fernseher ist kaputtgegangen.","Fernseher kaputt",A1,technik,stoerung,vergangenheit,easy,"Televizyon | bozuldu | .","Televizyon ___ .",bozuldu,"TV funktioniert nicht.",neutral,"bild,schwarz"
satz_0141,"Şarjım bitiyor.","Mein Akku geht leer.","Akku leer",A2,technik,handy,y_or,medium,"Şarjım | bitiyor | .","Şarjım ___ .",bitiyor,"Batterie fast leer.",neutral,"strom,kabel"
satz_0142,"Şifre nedir?","Was ist das Passwort?","Passwort was",A2,technik,internet,frage,easy,"Şifre | nedir | ?","Şifre ___ ?",nedir,"Wie lautet das WLAN-Passwort?",neutral,"sicher,verbindung"
satz_0143,"Dosyayı unuttum.","Ich habe die Datei vergessen.","Datei vergessen",A2,technik,computer,vergangenheit,medium,"Dosyayı | unuttum | .","Dosyayı ___ .",unuttum,"Ich habe es nicht gespeichert.",neutral,"speichern,fehler"
satz_0144,"Yardım edebilir misiniz?","Können Sie helfen?","Helfen können?",A2,technik,hilfe,moeglichkeit,medium,"Yardım | edebilir | misiniz | ?","Yardım edebilir ___ ?",misiniz,"Würden Sie mir kurz helfen?",formell,"bitte,hoeflich"
satz_0145,"Uygulamayı indirdim.","Ich habe die App heruntergeladen.","App runtergeladen",B1,technik,handy,vergangenheit,medium,"Uygulamayı | indirdim | .","Uygulamayı ___ .",indirdim,"App ist auf dem Handy.",neutral,"software,neu"
satz_0146,"Bağlantı koptu.","Die Verbindung ist abgebrochen.","Verbindung weg",B1,technik,internet,vergangenheit,medium,"Bağlantı | koptu | .","Bağlantı ___ .",koptu,"Internet ist weg.",neutral,"offline,problem"
satz_0147,"Antivirüs kurdum.","Ich habe ein Antivirenprogramm installiert.","Virenschutz installiert",B1,technik,computer,vergangenheit,medium,"Antivirüs | kurdum | .","Antivirüs ___ .",kurdum,"Mein PC ist nun sicher.",neutral,"sicherheit,programm"
satz_0148,"Sorunu çözemediler.","Sie konnten das Problem nicht lösen.","Problem ungelöst",B2,technik,hilfe,moeglichkeit_neg,hard,"Sorunu | çözemediler | .","Sorunu ___ .",çözemediler,"Mir wurde nicht geholfen.",neutral,"support,schlecht"
satz_0149,"Genel arıza var.","Es gibt eine allgemeine Störung.","Allgemeine Störung",B2,technik,stoerung,var_yok,medium,"Genel | arıza | var | .","Genel arıza ___ .",var,"System ist komplett ausgefallen.",formell,"netz,ausfall"
satz_0150,"Yapay zeka her yerde.","Künstliche Intelligenz ist überall.","KI überall",B2,technik,computer,adjektiv,medium,"Yapay | zeka | her | yerde | .","Yapay zeka her ___ .",yerde,"KI dominiert den Alltag.",neutral,"zukunft,technologie"
151,Begruessung,A1,"Herkese günaydın, bugün nasılsınız acaba?","Guten Morgen zusammen, wie geht es Ihnen heute?","herkese günaydın bugün nasılsınız acaba","guten morgen zusammen wie geht es ihnen heute","Fragepartikel mı/mi","begruessung|frage|a1",1,"gemini_batch_151_300",1
152,Begruessung,A1,"İyi akşamlar beyler, yarın görüşmek üzere.","Guten Abend meine Herren, bis morgen.","iyi akşamlar beyler yarın görüşmek üzere","guten abend meine herren bis morgen","Wunschform","begruessung|a1|alltag",1,"gemini_batch_151_300",1
153,Begruessung,A2,"Hoş geldiniz, yolculuğunuz nasıl geçti?","Willkommen, wie war Ihre Reise?","hoş geldiniz yolculuğunuz nasıl geçti","willkommen wie war ihre reise","Präteritum","begruessung|reise|frage|a2",2,"gemini_batch_151_300",1
154,Begruessung,A1,"Uzun zamandır görüşmedik, nasılsın dostum?","Wir haben uns lange nicht gesehen, wie geht's mein Freund?","uzun zamandır görüşmedik nasılsın dostum","wir haben uns lange nicht gesehen wie gehts mein freund","Negation im Präteritum","begruessung|freunde|frage|a1",2,"gemini_batch_151_300",1
155,Begruessung,A2,"Selam, seni burada görmek ne güzel.","Hallo, wie schön dich hier zu sehen.","selam seni burada görmek ne güzel","hallo wie schön dich hier zu sehen","Infinitiv","begruessung|freunde|a2",1,"gemini_batch_151_300",1
156,Begruessung,A1,"Merhaba, aileniz nasıl, herkes iyi mi?","Hallo, wie geht es Ihrer Familie, sind alle wohlauf?","merhaba aileniz nasıl herkes iyi mi","hallo wie geht es ihrer familie sind alle wohlauf","Fragepartikel mı/mi","begruessung|familie|frage|a1",1,"gemini_batch_151_300",1
157,Begruessung,A2,"Görüşmeyeli uzun zaman oldu, neler yapıyorsun?","Es ist lange her, was machst du so?","görüşmeyeli uzun zaman oldu neler yapıyorsun","es ist lange her was machst du so","Präsens (Yor)","begruessung|frage|a2",2,"gemini_batch_151_300",1
158,Begruessung,A1,"İyi geceler tatlı rüyalar, yarın konuşuruz.","Gute Nacht und süße Träume, wir sprechen morgen.","iyi geceler tatlı rüyalar yarın konuşuruz","gute nacht und süße träume wir sprechen morgen","Aorist","begruessung|abschied|a1",1,"gemini_batch_151_300",1
159,Begruessung,A2,"Hoşça kalın, kendinize çok iyi bakın.","Auf Wiedersehen, passen Sie gut auf sich auf.","hoşça kalın kendinize çok iyi bakın","auf wiedersehen passen sie gut auf sich auf","Imperativ","begruessung|abschied|a2",1,"gemini_batch_151_300",1
160,Begruessung,A2,"Tekrar merhaba, sizi görmek beni sevindirdi.","Hallo nochmal, es hat mich gefreut, Sie zu sehen.","tekrar merhaba sizi görmek beni sevindirdi","hallo nochmal es hat mich gefreut sie zu sehen","Präteritum","begruessung|hoeflich|a2",2,"gemini_batch_151_300",1
161,Vorstellung,A1,"Benim adım Ayşe, sizin adınız ne?","Mein Name ist Ayse, wie ist Ihr Name?","benim adım ayşe sizin adınız ne","mein name ist ayse wie ist ihr name","Possessivpronomen","vorstellung|frage|a1",1,"gemini_batch_151_300",1
162,Vorstellung,A1,"Tanıştığımıza memnun oldum, ben de öğrenciyim.","Freut mich, Sie kennenzulernen, ich bin auch Student.","tanıştığımıza memnun oldum ben de öğrenciyim","freut mich sie kennenzulernen ich bin auch student","Kopula","vorstellung|schule|a1",1,"gemini_batch_151_300",1
163,Vorstellung,A2,"Arkadaşım Ali ile tanışmak ister misiniz?","Möchten Sie meinen Freund Ali kennenlernen?","arkadaşım ali ile tanışmak ister misiniz","möchten sie meinen freund ali kennenlernen","Aorist Frage","vorstellung|freunde|frage|a2",2,"gemini_batch_151_300",1
164,Vorstellung,A2,"Yeni gelen öğretmenimiz nereli, biliyor musun?","Woher kommt unser neuer Lehrer, weißt du das?","yeni gelen öğretmenimiz nereli biliyor musun","woher kommt unser neuer lehrer weißt du das","Fragepronomen","vorstellung|frage|a2",2,"gemini_batch_151_300",1
165,Vorstellung,A1,"Ben otuz yaşındayım ve mühendis olarak çalışıyorum.","Ich bin dreißig Jahre alt und arbeite als Ingenieur.","ben otuz yaşındayım ve mühendis olarak çalışıyorum","ich bin dreißig jahre alt und arbeite als ingenieur","Präsens (Yor)","vorstellung|arbeit|a1",1,"gemini_batch_151_300",1
166,Vorstellung,A2,"İstanbul'da doğdum ama Ankara'da yaşıyorum.","Ich bin in Istanbul geboren, lebe aber in Ankara.","istanbulda doğdum ama ankarada yaşıyorum","ich bin in istanbul geboren lebe aber in ankara","Lokativ -de/-da","vorstellung|ort|a2",2,"gemini_batch_151_300",1
167,Vorstellung,A1,"Siz hangi ülkeden geliyorsunuz, Alman mısınız?","Aus welchem Land kommen Sie, sind Sie Deutscher?","siz hangi ülkeden geliyorsunuz alman mısınız","aus welchem land kommen sie sind sie deutscher","Ablativ -den/-dan","vorstellung|frage|a1",1,"gemini_batch_151_300",1
168,Vorstellung,A2,"Kaç yıldır Türkiye'de yaşıyorsunuz acaba?","Wie viele Jahre leben Sie schon in der Türkei?","kaç yıldır türkiyede yaşıyorsunuz acaba","wie viele jahre leben sie schon in der türkei","Lokativ -de/-da","vorstellung|frage|a2",2,"gemini_batch_151_300",1
169,Vorstellung,A2,"Hobilerim arasında kitap okumak ve yüzmek var.","Zu meinen Hobbys gehören Lesen und Schwimmen.","hobilerim arasında kitap okumak ve yüzmek var","zu meinen hobbys gehören lesen und schwimmen","Infinitiv","vorstellung|hobby|a2",2,"gemini_batch_151_300",1
170,Vorstellung,A2,"Kendinizi bize biraz tanıtabilir misiniz lütfen?","Könnten Sie sich uns bitte kurz vorstellen?","kendinizi bize biraz tanıtabilir misiniz lütfen","könnten sie sich uns bitte kurz vorstellen","Möglichkeitsform (Abil)","vorstellung|frage|hoeflich|a2",3,"gemini_batch_151_300",1
171,Alltag,A2,"Sabahları erken kalkmak bana zor geliyor.","Früh aufzustehen fällt mir morgens schwer.","sabahları erken kalkmak bana zor geliyor","früh aufzustehen fällt mir morgens schwer","Dativ -e/-a","alltag|zeit|a2",2,"gemini_batch_151_300",1
172,Alltag,A1,"Bugün hava çok sıcak, denize gidelim mi?","Heute ist das Wetter sehr heiß, sollen wir ans Meer gehen?","bugün hava çok sıcak denize gidelim mi","heute ist das wetter sehr heiß sollen wir ans meer gehen","Optativ","alltag|wetter|frage|a1",1,"gemini_batch_151_300",1
173,Alltag,A2,"Her gün otobüsle işe gitmek yorucu oluyor.","Jeden Tag mit dem Bus zur Arbeit zu fahren ist anstrengend.","her gün otobüsle işe gitmek yorucu oluyor","jeden tag mit dem bus zur arbeit zu fahren ist anstrengend","Instrumental ile","alltag|arbeit|a2",2,"gemini_batch_151_300",1
174,Alltag,A1,"Akşam yemeğinden sonra biraz televizyon izlerim.","Nach dem Abendessen schaue ich ein wenig fern.","akşam yemeğinden sonra biraz televizyon izlerim","nach dem abendessen schaue ich ein wenig fern","Ablativ + sonra","alltag|routine|a1",1,"gemini_batch_151_300",1
175,Alltag,A2,"Hafta sonları genelde evde dinlenmeyi tercih ederim.","Am Wochenende bevorzuge ich es meistens, mich zu Hause auszuruhen.","hafta sonları genelde evde dinlenmeyi tercih ederim","am wochenende bevorzuge ich es meistens mich zu hause auszuruhen","Akkusativ -i/-ı","alltag|freizeit|a2",2,"gemini_batch_151_300",1
176,Alltag,A1,"Kahve içmek yerine çay içmeyi sever misin?","Trinkst du lieber Tee statt Kaffee?","kahve içmek yerine çay içmeyi sever misin","trinkst du lieber tee statt kaffee","Aorist Frage","alltag|essen|frage|a1",2,"gemini_batch_151_300",1
177,Alltag,A2,"Günde kaç saat uyuyorsun, yeterli oluyor mu?","Wie viele Stunden schläfst du am Tag, reicht das aus?","günde kaç saat uyuyorsun yeterli oluyor mu","wie viele stunden schläfst du am tag reicht das aus","Präsens (Yor)","alltag|gesundheit|frage|a2",2,"gemini_batch_151_300",1
178,Alltag,A2,"Boş zamanlarımda köpeğimle parkta yürüyüş yapıyorum.","In meiner Freizeit gehe ich mit meinem Hund im Park spazieren.","boş zamanlarımda köpeğimle parkta yürüyüş yapıyorum","in meiner freizeit gehe ich mit meinem hund im park spazieren","Lokativ -de/-da","alltag|freizeit|a2",2,"gemini_batch_151_300",1
179,Alltag,A1,"Arkadaşlarımla buluşup sohbet etmeyi çok seviyorum.","Ich liebe es sehr, mich mit meinen Freunden zu treffen und zu plaudern.","arkadaşlarımla buluşup sohbet etmeyi çok seviyorum","ich liebe es sehr mich mit meinen freunden zu treffen und zu plaudern","Gerundium -ip/-üp","alltag|freunde|a1",2,"gemini_batch_151_300",1
180,Alltag,A2,"Yarın hava nasıl olacak, bilgin var mı?","Weißt du, wie das Wetter morgen wird?","yarın hava nasıl olacak bilgin var mı","weißt du wie das wetter morgen wird","Futur -ecek/-acak","alltag|wetter|frage|a2",2,"gemini_batch_151_300",1
181,Einkaufen,A1,"Bu kırmızı elbisenin fiyatı ne kadar acaba?","Wie viel kostet dieses rote Kleid eigentlich?","bu kırmızı elbisenin fiyatı ne kadar acaba","wie viel kostet dieses rote kleid eigentlich","Genitiv","einkaufen|kleidung|frage|a1",1,"gemini_batch_151_300",1
182,Einkaufen,A1,"Bunun bir küçük bedeni sizde var mı?","Haben Sie das eine Nummer kleiner?","bunun bir küçük bedeni sizde var mı","haben sie das eine nummer kleiner","Lokativ bei Besitz","einkaufen|kleidung|frage|a1",1,"gemini_batch_151_300",1
183,Einkaufen,A2,"Kredi kartı ile taksit yapmak mümkün mü?","Ist es möglich, mit Kreditkarte in Raten zu zahlen?","kredi kartı ile taksit yapmak mümkün mü","ist es möglich mit kreditkarte in raten zu zahlen","Instrumental ile","einkaufen|geld|frage|a2",2,"gemini_batch_151_300",1
184,Einkaufen,A1,"Pazardan taze meyve ve sebze almak istiyorum.","Ich möchte frisches Obst und Gemüse auf dem Markt kaufen.","pazardan taze meyve ve sebze almak istiyorum","ich möchte frisches obst und gemüse auf dem markt kaufen","Ablativ -den/-dan","einkaufen|essen|a1",1,"gemini_batch_151_300",1
185,Einkaufen,A2,"Maalesef üzerimde hiç nakit para kalmadı.","Leider habe ich überhaupt kein Bargeld mehr bei mir.","maalesef üzerimde hiç nakit para kalmadı","leider habe ich überhaupt kein bargeld mehr bei mir","Präteritum","einkaufen|geld|a2",2,"gemini_batch_151_300",1
186,Einkaufen,A2,"Vitrinindeki siyah ayakkabıları denemek istiyorum lütfen.","Ich möchte bitte die schwarzen Schuhe im Schaufenster anprobieren.","vitrinindeki siyah ayakkabıları denemek istiyorum lütfen","ich möchte bitte die schwarzen schuhe im schaufenster anprobieren","Akkusativ -i/-ı","einkaufen|kleidung|a2",2,"gemini_batch_151_300",1
187,Einkaufen,A2,"Bu ürün için biraz indirim yapabilir misiniz?","Können Sie für dieses Produkt einen kleinen Rabatt gewähren?","bu ürün için biraz indirim yapabilir misiniz","können sie für dieses produkt einen kleinen rabatt gewähren","Möglichkeitsform Frage","einkaufen|geld|frage|a2",3,"gemini_batch_151_300",1
188,Einkaufen,A2,"Alışveriş merkezine gitmek için hangi otobüse binmeliyim?","In welchen Bus muss ich einsteigen, um zum Einkaufszentrum zu fahren?","alışveriş merkezine gitmek için hangi otobüse binmeliyim","in welchen bus muss ich einsteigen um zum einkaufszentrum zu fahren","Müssen (Meli/Malı)","einkaufen|reise|frage|a2",3,"gemini_batch_151_300",1
189,Einkaufen,A1,"Poşet ister misiniz yoksa çantanız var mı?","Möchten Sie eine Tüte oder haben Sie eine Tasche?","poşet ister misiniz yoksa çantanız var mı","möchten sie eine tüte oder haben sie eine tasche","Konjunktion yoksa","einkaufen|frage|a1",1,"gemini_batch_151_300",1
190,Einkaufen,A2,"Kasada sıra çok uzun, başka kasa var mı?","Die Schlange an der Kasse ist sehr lang, gibt es eine andere Kasse?","kasada sıra çok uzun başka kasa var mı","die schlange an der kasse ist sehr lang gibt es eine andere kasse","Lokativ -de/-da","einkaufen|ort|frage|a2",2,"gemini_batch_151_300",1
191,Restaurant,A1,"İki kişi için boş masanız var mı?","Haben Sie einen freien Tisch für zwei Personen?","iki kişi için boş masanız var mı","haben sie einen freien tisch für zwei personen","Postposition için","restaurant|frage|a1",1,"gemini_batch_151_300",1
192,Restaurant,A1,"Menüyü bize tekrar getirebilir misiniz lütfen?","Können Sie uns bitte die Speisekarte noch einmal bringen?","menüyü bize tekrar getirebilir misiniz lütfen","können sie uns bitte die speisekarte noch einmal bringen","Möglichkeitsform Frage","restaurant|frage|a1",2,"gemini_batch_151_300",1
193,Restaurant,A2,"Tatlı olarak baklava ve çay sipariş edelim.","Lass uns als Dessert Baklava und Tee bestellen.","tatlı olarak baklava ve çay sipariş edelim","lass uns als dessert baklava und tee bestellen","Optativ -elim/-alım","restaurant|essen|a2",2,"gemini_batch_151_300",1
194,Restaurant,A2,"Yemekler harikaydı, aşçının ellerine sağlık diyorum.","Das Essen war großartig, ich sage: Kompliment an den Koch.","yemekler harikaydı aşçının ellerine sağlık diyorum","das essen war großartig ich sage kompliment an den koch","Präteritum","restaurant|essen|a2",2,"gemini_batch_151_300",1
195,Restaurant,A1,"Afedersiniz, hesabı masamıza getirebilir misiniz acaba?","Entschuldigen Sie, könnten Sie uns die Rechnung an den Tisch bringen?","afedersiniz hesabı masamıza getirebilir misiniz acaba","entschuldigen sie könnten sie uns die rechnung an den tisch bringen","Dativ -e/-a","restaurant|geld|frage|a1",2,"gemini_batch_151_300",1
196,Restaurant,A2,"Ben et yemiyorum, vejetaryen menünüz var mı?","Ich esse kein Fleisch, haben Sie ein vegetarisches Menü?","ben et yemiyorum vejetaryen menünüz var mı","ich esse kein fleisch haben sie ein vegetarisches menü","Präsens Negation","restaurant|essen|frage|a2",2,"gemini_batch_151_300",1
197,Restaurant,A2,"Su bardağım kirli, değiştirebilir misiniz lütfen?","Mein Wasserglas ist schmutzig, können Sie es bitte umtauschen?","su bardağım kirli değiştirebilir misiniz lütfen","mein wasserglas ist schmutzig können sie es bitte umtauschen","Möglichkeitsform Frage","restaurant|problem|frage|a2",3,"gemini_batch_151_300",1
198,Restaurant,A1,"Acı biber sosu da alabilir miyim acaba?","Könnte ich bitte auch scharfe Chilisauce bekommen?","acı biber sosu da alabilir miyim acaba","könnte ich bitte auch scharfe chilisauce bekommen","Aorist Frage","restaurant|essen|frage|a1",1,"gemini_batch_151_300",1
199,Restaurant,A2,"Bahşiş bırakmak istiyorum ama bozuk param yok.","Ich möchte Trinkgeld hinterlassen, aber ich habe kein Kleingeld.","bahşiş bırakmak istiyorum ama bozuk param yok","ich möchte trinkgeld hinterlassen aber ich habe kein kleingeld","Besitz (Yok)","restaurant|geld|a2",2,"gemini_batch_151_300",1
200,Restaurant,A2,"Hangi yemeği tavsiye edersiniz, spesiyaliniz nedir?","Welches Gericht empfehlen Sie, was ist Ihre Spezialität?","hangi yemeği tavsiye edersiniz spesiyaliniz nedir","welches gericht empfehlen sie was ist ihre spezialität","Aorist","restaurant|essen|frage|a2",2,"gemini_batch_151_300",1
201,Reisen,A2,"Uçağımız kaç saat rötar yapacak biliyor musunuz?","Wissen Sie, wie viele Stunden unser Flug Verspätung haben wird?","uçağımız kaç saat rötar yapacak biliyor musunuz","wissen sie wie viele stunden unser flug verspätung haben wird","Futur -ecek/-acak","reise|zeit|frage|a2",2,"gemini_batch_151_300",1
202,Reisen,A1,"Pencere kenarında bir koltuk rica edebilir miyim?","Dürfte ich um einen Fensterplatz bitten?","pencere kenarında bir koltuk rica edebilir miyim","dürfte ich um einen fensterplatz bitten","Möglichkeitsform Frage","reise|ort|frage|a1",2,"gemini_batch_151_300",1
203,Reisen,A2,"Otele taksi ile gitmek ne kadar tutar?","Wie viel kostet es, mit dem Taxi zum Hotel zu fahren?","otele taksi ile gitmek ne kadar tutar","wie viel kostet es mit dem taxi zum hotel zu fahren","Aorist","reise|geld|frage|a2",2,"gemini_batch_151_300",1
204,Reisen,A2,"Tren istasyonuna giden yolu bana tarif edebilir misiniz?","Können Sie mir den Weg zum Bahnhof beschreiben?","tren istasyonuna giden yolu bana tarif edebilir misiniz","können sie mir den weg zum bahnhof beschreiben","Partizip Präsens -en/-an","reise|ort|frage|a2",3,"gemini_batch_151_300",1
205,Reisen,A1,"Bavulumu kaybettim, kime haber vermem gerekiyor?","Ich habe meinen Koffer verloren, wem muss ich Bescheid geben?","bavulumu kaybettim kime haber vermem gerekiyor","ich habe meinen koffer verloren wem muss ich bescheid geben","Dativ -e/-a","reise|notfall|frage|a1",2,"gemini_batch_151_300",1
206,Reisen,A1,"Biletlerinizi ve pasaportunuzu görebilir miyim lütfen?","Dürfte ich bitte Ihre Tickets und Ihren Reisepass sehen?","biletlerinizi ve pasaportunuzu görebilir miyim lütfen","dürfte ich bitte ihre tickets und ihren reisepass sehen","Akkusativ -i/-ı","reise|dokumente|frage|a1",1,"gemini_batch_151_300",1
207,Reisen,A2,"Deniz manzaralı bir oda rezerve etmek istiyorum.","Ich möchte ein Zimmer mit Meerblick reservieren.","deniz manzaralı bir oda rezerve etmek istiyorum","ich möchte ein zimmer mit meerblick reservieren","Adjektivableitung -li/-lı","reise|hotel|a2",2,"gemini_batch_151_300",1
208,Reisen,A1,"Şehir merkezinden havalimanına otobüs kalkıyor mu?","Fährt ein Bus vom Stadtzentrum zum Flughafen?","şehir merkezinden havalimanına otobüs kalkıyor mu","fährt ein bus vom stadtzentrum zum flughafen","Ablativ -> Dativ","reise|ort|frage|a1",1,"gemini_batch_151_300",1
209,Reisen,A2,"Yolculuğumuz yaklaşık üç saat sürecek, bilginiz olsun.","Unsere Reise wird etwa drei Stunden dauern, zur Information.","yolculuğumuz yaklaşık üç saat sürecek bilginiz olsun","unsere reise wird etwa drei stunden dauern zur information","Futur -ecek/-acak","reise|zeit|a2",2,"gemini_batch_151_300",1
210,Reisen,A2,"Müzeyi ziyaret etmek için rehber tutmak lazım mı?","Muss man einen Führer engagieren, um das Museum zu besuchen?","müzeyi ziyaret etmek için rehber tutmak lazım mı","muss man einen führer engagieren um das museum zu besuchen","Notwendigkeit lazım","reise|hobby|frage|a2",2,"gemini_batch_151_300",1
211,Arbeit,A1,"Yarın sabahki toplantı saat kaçta başlayacak?","Um wie viel Uhr beginnt die morgige Morgenbesprechung?","yarın sabahki toplantı saat kaçta başlayacak","um wie viel uhr beginnt die morgige morgenbesprechung","Lokativ bei Uhrzeit","arbeit|zeit|frage|a1",1,"gemini_batch_151_300",1
212,Arbeit,A1,"Bugün ofiste çok fazla işim ve projem var.","Ich habe heute sehr viele Aufgaben und Projekte im Büro.","bugün ofiste çok fazla işim ve projem var","ich habe heute sehr viele aufgaben und projekte im büro","Besitz (Var)","arbeit|alltag|a1",1,"gemini_batch_151_300",1
213,Arbeit,A2,"Yeni bilgisayarım eskisinden çok daha hızlı çalışıyor.","Mein neuer Computer arbeitet viel schneller als der alte.","yeni bilgisayarım eskisinden çok daha hızlı çalışıyor","mein neuer computer arbeitet viel schneller als der alte","Komparativ (Ablativ)","arbeit|technik|a2",2,"gemini_batch_151_300",1
214,Arbeit,A1,"Müdür bey şu an odasında mı acaba?","Ist der Herr Direktor gerade in seinem Büro?","müdür bey şu an odasında mı acaba","ist der herr direktor gerade in seinem büro","Lokativ Frage","arbeit|ort|frage|a1",1,"gemini_batch_151_300",1
215,Arbeit,A2,"Bu belgeleri yarına kadar imzalamanız gerekiyor.","Sie müssen diese Dokumente bis morgen unterschreiben.","bu belgeleri yarına kadar imzalamanız gerekiyor","sie müssen diese dokumente bis morgen unterschreiben","Postposition kadar","arbeit|dokumente|a2",2,"gemini_batch_151_300",1
216,Arbeit,A1,"Öğle arasında yemeğe birlikte çıkalım mı?","Sollen wir in der Mittagspause zusammen essen gehen?","öğle arasında yemeğe birlikte çıkalım mı","sollen wir in der mittagspause zusammen essen gehen","Optativ Frage","arbeit|essen|frage|a1",2,"gemini_batch_151_300",1
217,Arbeit,A2,"Mesai saatleri dışında e-postalara cevap vermiyorum.","Außerhalb der Arbeitszeiten antworte ich nicht auf E-Mails.","mesai saatleri dışında e-postalara cevap vermiyorum","außerhalb der arbeitszeiten antworte ich nicht auf e-mails","Präsens Negation","arbeit|zeit|a2",2,"gemini_batch_151_300",1
218,Arbeit,A2,"Projeyi zamanında bitirmek için çok çalışmalıyız.","Wir müssen hart arbeiten, um das Projekt rechtzeitig abzuschließen.","projeyi zamanında bitirmek için çok çalışmalıyız","wir müssen hart arbeiten um das projekt rechtzeitig abzuschließen","Müssen (Meli/Malı)","arbeit|zeit|a2",3,"gemini_batch_151_300",1
219,Arbeit,A2,"İş görüşmem gayet iyi ve başarılı geçti.","Mein Vorstellungsgespräch verlief recht gut und erfolgreich.","iş görüşmem gayet iyi ve başarılı geçti","mein vorstellungsgespräch verlief recht gut und erfolgreich","Präteritum","arbeit|alltag|a2",2,"gemini_batch_151_300",1
220,Arbeit,A2,"Maaş zammı hakkında kiminle konuşmam gerekiyor?","Mit wem muss ich über eine Gehaltserhöhung sprechen?","maaş zammı hakkında kiminle konuşmam gerekiyor","mit wem muss ich über eine gehaltserhöhung sprechen","Instrumental ile","arbeit|geld|frage|a2",3,"gemini_batch_151_300",1
221,Schule,A2,"Sınav sonuçları ne zaman belli olacak, biliyor musun?","Weißt du, wann die Prüfungsergebnisse bekannt gegeben werden?","sınav sonuçları ne zaman belli olacak biliyor musun","weißt du wann die prüfungsergebnisse bekannt gegeben werden","Futur -ecek/-acak","schule|zeit|frage|a2",2,"gemini_batch_151_300",1
222,Schule,A1,"Matematik dersi benim için her zaman çok zordu.","Der Mathematikunterricht war für mich immer sehr schwer.","matematik dersi benim için her zaman çok zordu","der mathematikunterricht war für mich immer sehr schwer","Präteritum (Kopula)","schule|a1",1,"gemini_batch_151_300",1
223,Schule,A1,"Öğretmenimiz bize hafta sonu için ödev verdi.","Unser Lehrer hat uns Hausaufgaben für das Wochenende gegeben.","öğretmenimiz bize hafta sonu için ödev verdi","unser lehrer hat uns hausaufgaben für das wochenende gegeben","Dativ -e/-a","schule|zeit|a1",1,"gemini_batch_151_300",1
224,Schule,A2,"Kütüphanede sessiz olmamız gerektiğini lütfen unutma.","Bitte vergiss nicht, dass wir in der Bibliothek leise sein müssen.","kütüphanede sessiz olmamız gerektiğini lütfen unutma","bitte vergiss nicht dass wir in der bibliothek leise sein müssen","Objektsatz (dik)","schule|ort|a2",3,"gemini_batch_151_300",1
225,Schule,A2,"Tahtadaki yazıları arka sıradan okuyamıyorum maalesef.","Ich kann die Schrift an der Tafel von der hinteren Reihe aus leider nicht lesen.","tahtadaki yazıları arka sıradan okuyamıyorum maalesef","ich kann die schrift an der tafel von der hinteren reihe aus leider nicht lesen","Möglichkeitsform Negation","schule|problem|a2",3,"gemini_batch_151_300",1
226,Schule,A1,"Hangi üniversitede eğitim almayı planlıyorsun acaba?","An welcher Universität planst du zu studieren?","hangi üniversitede eğitim almayı planlıyorsun acaba","an welcher universität planst du zu studieren","Lokativ -de/-da","schule|ort|frage|a1",2,"gemini_batch_151_300",1
227,Schule,A1,"Teneffüste kantinden bir şeyler almak istiyorum.","Ich möchte in der Pause etwas aus der Kantine holen.","teneffüste kantinden bir şeyler almak istiyorum","ich möchte in der pause etwas aus der kantine holen","Ablativ -den/-dan","schule|essen|a1",1,"gemini_batch_151_300",1
228,Schule,A2,"Notlarımı yüksek tutmak için her gün ders çalışıyorum.","Ich lerne jeden Tag, um meine Noten hoch zu halten.","notlarımı yüksek tutmak için her gün ders çalışıyorum","ich lerne jeden tag um meine noten hoch zu halten","Postposition için","schule|alltag|a2",2,"gemini_batch_151_300",1
229,Schule,A2,"Sınıf arkadaşlarımla ortak bir proje hazırlıyoruz.","Wir bereiten gemeinsam mit meinen Klassenkameraden ein Projekt vor.","sınıf arkadaşlarımla ortak bir proje hazırlıyoruz","wir bereiten gemeinsam mit meinen klassenkameraden ein projekt vor","Instrumental ile","schule|arbeit|a2",2,"gemini_batch_151_300",1
230,Schule,A2,"Yarın okullar tatil mi olacak, haberlerde duydun mu?","Werden die Schulen morgen geschlossen sein, hast du es in den Nachrichten gehört?","yarın okullar tatil mi olacak haberlerde duydun mu","werden die schulen morgen geschlossen sein hast du es in den nachrichten gehört","Futur Frage","schule|zeit|frage|a2",2,"gemini_batch_151_300",1
231,Familie,A1,"Erkek kardeşim benden üç yaş daha küçük.","Mein jüngerer Bruder ist drei Jahre jünger als ich.","erkek kardeşim benden üç yaş daha küçük","mein jüngerer bruder ist drei jahre jünger als ich","Komparativ (Ablativ)","familie|a1",1,"gemini_batch_151_300",1
232,Familie,A1,"Annem ve babam yarın bizi ziyarete gelecekler.","Meine Mutter und mein Vater werden uns morgen besuchen kommen.","annem ve babam yarın bizi ziyarete gelecekler","meine mutter und mein vater werden uns morgen besuchen kommen","Futur -ecek/-acak","familie|reise|a1",2,"gemini_batch_151_300",1
233,Familie,A2,"Senin kaç tane yeğenin var, isimleri neler?","Wie viele Neffen und Nichten hast du, wie heißen sie?","senin kaç tane yeğenin var isimleri neler","wie viele neffen und nichten hast du wie heißen sie","Besitz (Var) Frage","familie|frage|a2",2,"gemini_batch_151_300",1
234,Familie,A1,"Büyükannem her bayramda bize tatlı yapar.","Meine Großmutter macht uns an jedem Feiertag Süßigkeiten.","büyükannem her bayramda bize tatlı yapar","meine großmutter macht uns an jedem feiertag süßigkeiten","Aorist","familie|essen|a1",1,"gemini_batch_151_300",1
235,Familie,A2,"Kuzenimin düğünü için yeni bir elbise aldım.","Ich habe ein neues Kleid für die Hochzeit meines Cousins gekauft.","kuzenimin düğünü için yeni bir elbise aldım","ich habe ein neues kleid für die hochzeit meines cousins gekauft","Präteritum","familie|kleidung|a2",2,"gemini_batch_151_300",1
236,Familie,A2,"Ailemle vakit geçirmek beni her zaman mutlu eder.","Zeit mit meiner Familie zu verbringen, macht mich immer glücklich.","ailemle vakit geçirmek beni her zaman mutlu eder","zeit mit meiner familie zu verbringen macht mich immer glücklich","Aorist","familie|freizeit|a2",2,"gemini_batch_151_300",1
237,Familie,A2,"Ablam üniversiteden bu yıl başarıyla mezun oldu.","Meine ältere Schwester hat dieses Jahr erfolgreich die Universität abgeschlossen.","ablam üniversiteden bu yıl başarıyla mezun oldu","meine ältere schwester hat dieses jahr erfolgreich die universität abgeschlossen","Ablativ -den/-dan","familie|schule|a2",2,"gemini_batch_151_300",1
238,Familie,A2,"Eşinizle ne zaman ve nasıl tanıştınız acaba?","Wann und wie haben Sie Ihren Partner kennengelernt?","eşinizle ne zaman ve nasıl tanıştınız acaba","wann und wie haben sie ihren partner kennengelernt","Instrumental ile","familie|frage|a2",2,"gemini_batch_151_300",1
239,Familie,A1,"Çocuklar bahçede top oynuyor, onları izliyorum.","Die Kinder spielen Ball im Garten, ich schaue ihnen zu.","çocuklar bahçede top oynuyor onları izliyorum","die kinder spielen ball im garten ich schaue ihnen zu","Präsens (Yor)","familie|freizeit|a1",1,"gemini_batch_151_300",1
240,Familie,A1,"Amcamın çok şirin bir köpeği ve kedisi var.","Mein Onkel hat einen sehr süßen Hund und eine Katze.","amcamın çok şirin bir köpeği ve kedisi var","mein onkel hat einen sehr süßen hund und eine katze","Genitiv-Possessiv","familie|hobby|a1",1,"gemini_batch_151_300",1
241,Gesundheit,A1,"Dün geceden beri dişim çok kötü ağrıyor.","Seit letzter Nacht tut mein Zahn sehr schlimm weh.","dün geceden beri dişim çok kötü ağrıyor","seit letzter nacht tut mein zahn sehr schlimm weh","Postposition beri","gesundheit|problem|a1",2,"gemini_batch_151_300",1
242,Gesundheit,A2,"Kendimi bugün hiç iyi hissetmiyorum, hastayım sanırım.","Ich fühle mich heute gar nicht gut, ich glaube, ich bin krank.","kendimi bugün hiç iyi hissetmiyorum hastayım sanırım","ich fühle mich heute gar nicht gut ich glaube ich bin krank","Präsens Negation","gesundheit|problem|a2",2,"gemini_batch_151_300",1
243,Gesundheit,A2,"Hastaneden randevu almak için nereyi aramam lazım?","Wo muss ich anrufen, um einen Termin im Krankenhaus zu bekommen?","hastaneden randevu almak için nereyi aramam lazım","wo muss ich anrufen um einen termin im krankenhaus zu bekommen","Notwendigkeit lazım","gesundheit|frage|a2",3,"gemini_batch_151_300",1
244,Gesundheit,A1,"Bu ilacı günde kaç kere içmem gerekiyor?","Wie oft am Tag muss ich dieses Medikament einnehmen?","bu ilacı günde kaç kere içmem gerekiyor","wie oft am tag muss ich dieses medikament einnehmen","Notwendigkeit gerekiyor","gesundheit|frage|a1",2,"gemini_batch_151_300",1
245,Gesundheit,A2,"Boğazım acıyor ve sürekli öksürüyorum, ne yapmalıyım?","Mein Hals tut weh und ich huste ständig, was soll ich tun?","boğazım acıyor ve sürekli öksürüyorum ne yapmalıyım","mein hals tut weh und ich huste ständig was soll ich tun","Müssen (Meli/Malı)","gesundheit|frage|a2",2,"gemini_batch_151_300",1
246,Gesundheit,A2,"Alerjim olduğu için baharda dışarı çıkmakta zorlanıyorum.","Weil ich eine Allergie habe, fällt es mir schwer, im Frühling hinauszugehen.","alerjim olduğu için baharda dışarı çıkmakta zorlanıyorum","weil ich eine allergie habe fällt es mir schwer im frühling hinauszugehen","Objektsatz (dik)","gesundheit|problem|a2",3,"gemini_batch_151_300",1
247,Gesundheit,A1,"Doktor bana bol bol dinlenmemi tavsiye etti.","Der Arzt riet mir, mich viel auszuruhen.","doktor bana bol bol dinlenmemi tavsiye etti","der arzt riet mir mich viel auszuruhen","Präteritum","gesundheit|a1",2,"gemini_batch_151_300",1
248,Gesundheit,A2,"Ateşim düştü ama hala biraz yorgun hissediyorum.","Mein Fieber ist gesunken, aber ich fühle mich immer noch etwas müde.","ateşim düştü ama hala biraz yorgun hissediyorum","mein fieber ist gesunken aber ich fühle mich immer noch etwas müde","Präteritum","gesundheit|a2",2,"gemini_batch_151_300",1
249,Gesundheit,A1,"Yakınlarda açık bir nöbetçi eczane var mı?","Gibt es hier in der Nähe eine offene Notdienstapotheke?","yakınlarda açık bir nöbetçi eczane var mı","gibt es hier in der nähe eine offene notdienstapotheke","Lokativ Frage","gesundheit|ort|frage|a1",1,"gemini_batch_151_300",1
250,Gesundheit,A1,"Sağlıklı beslenmek ve spor yapmak çok önemlidir.","Gesunde Ernährung und Sport zu treiben ist sehr wichtig.","sağlıklı beslenmek ve spor yapmak çok önemlidir","gesunde ernährung und sport zu treiben ist sehr wichtig","Infinitiv","gesundheit|alltag|a1",1,"gemini_batch_151_300",1
251,Zeit,A1,"Otobüs tam olarak saat kaçta buradan geçiyor?","Um wie viel Uhr genau fährt der Bus hier vorbei?","otobüs tam olarak saat kaçta buradan geçiyor","um wie viel uhr genau fährt der bus hier vorbei","Lokativ bei Uhrzeit","zeit|reise|frage|a1",1,"gemini_batch_151_300",1
252,Zeit,A2,"Gelecek ay Avrupa turuna çıkmayı planlıyoruz.","Wir planen, nächsten Monat auf Europatour zu gehen.","gelecek ay avrupa turuna çıkmayı planlıyoruz","wir planen nächsten monat auf europatour zu gehen","Präsens (Yor)","zeit|reise|a2",2,"gemini_batch_151_300",1
253,Zeit,A2,"Dün akşam izlediğimiz film gerçekten çok uzundu.","Der Film, den wir gestern Abend geschaut haben, war wirklich sehr lang.","dün akşam izlediğimiz film gerçekten çok uzundu","der film den wir gestern abend geschaut haben war wirklich sehr lang","Relativsatz (-dik)","zeit|freizeit|a2",3,"gemini_batch_151_300",1
254,Zeit,A1,"Toplantımız yaklaşık olarak iki saat sürecek gibi.","Es sieht so aus, als würde unser Meeting etwa zwei Stunden dauern.","toplantımız yaklaşık olarak iki saat sürecek gibi","es sieht so aus als würde unser meeting etwa zwei stunden dauern","Futur -ecek/-acak","zeit|arbeit|a1",2,"gemini_batch_151_300",1
255,Zeit,A2,"Geçen yıl kışın çok fazla kar yağmıştı.","Letztes Jahr im Winter hatte es sehr viel geschneit.","geçen yıl kışın çok fazla kar yağmıştı","letztes jahr im winter hatte es sehr viel geschneit","Plusquamperfekt","zeit|wetter|a2",3,"gemini_batch_151_300",1
256,Zeit,A1,"Birkaç dakika daha bekleyebilir misiniz lütfen?","Könnten Sie bitte noch ein paar Minuten warten?","birkaç dakika daha bekleyebilir misiniz lütfen","könnten sie bitte noch ein paar minuten warten","Möglichkeitsform Frage","zeit|frage|a1",2,"gemini_batch_151_300",1
257,Zeit,A2,"Yarın sabah yedide kalkmam gerekiyor, alarmı kurdum.","Ich muss morgen früh um sieben aufstehen, ich habe den Wecker gestellt.","yarın sabah yedide kalkmam gerekiyor alarmı kurdum","ich muss morgen früh um sieben aufstehen ich habe den wecker gestellt","Lokativ bei Uhrzeit","zeit|alltag|a2",2,"gemini_batch_151_300",1
258,Zeit,A2,"Şimdi çıkarsak sinemaya tam zamanında yetişiriz.","Wenn wir jetzt losgehen, schaffen wir es genau rechtzeitig ins Kino.","şimdi çıkarsak sinemaya tam zamanında yetişiriz","wenn wir jetzt losgehen schaffen wir es genau rechtzeitig ins kino","Bedingung -se/-sa","zeit|freizeit|a2",3,"gemini_batch_151_300",1
259,Zeit,A2,"Zaman o kadar hızlı akıyor ki inanamıyorum.","Die Zeit vergeht so schnell, dass ich es nicht glauben kann.","zaman o kadar hızlı akıyor ki inanamıyorum","die zeit vergeht so schnell dass ich es nicht glauben kann","Konjunktion ki","zeit|alltag|a2",2,"gemini_batch_151_300",1
260,Zeit,A1,"Randevumuz saat üçte miydi yoksa beşte miydi?","War unser Termin um drei oder um fünf Uhr?","randevumuz saat üçte miydi yoksa beşte miydi","war unser termin um drei oder um fünf uhr","Lokativ bei Uhrzeit","zeit|frage|a1",1,"gemini_batch_151_300",1
261,Ort,A2,"Anahtarlarımı evin neresinde bıraktığımı hiç hatırlamıyorum.","Ich kann mich überhaupt nicht erinnern, wo im Haus ich meine Schlüssel gelassen habe.","anahtarlarımı evin neresinde bıraktığımı hiç hatırlamıyorum","ich kann mich überhaupt nicht erinnern wo im haus ich meine schlüssel gelassen habe","Objektsatz (dik)","ort|alltag|a2",3,"gemini_batch_151_300",1
262,Ort,A1,"Sizin ofisiniz tam olarak hangi binada bulunuyor?","In welchem Gebäude befindet sich Ihr Büro genau?","sizin ofisiniz tam olarak hangi binada bulunuyor","in welchem gebäude befindet sich ihr büro genau","Lokativ -de/-da","ort|arbeit|frage|a1",1,"gemini_batch_151_300",1
263,Ort,A1,"Postane hemen bankanın yanında, sağ tarafta kalıyor.","Das Postamt liegt gleich neben der Bank auf der rechten Seite.","postane hemen bankanın yanında sağ tarafta kalıyor","das postamt liegt gleich neben der bank auf der rechten seite","Lokativ -de/-da","ort|reise|a1",2,"gemini_batch_151_300",1
264,Ort,A2,"Arabamı park edecek güvenli bir yer arıyorum.","Ich suche einen sicheren Ort, um mein Auto zu parken.","arabamı park edecek güvenli bir yer arıyorum","ich suche einen sicheren ort um mein auto zu parken","Partizip Futur -ecek","ort|reise|a2",2,"gemini_batch_151_300",1
265,Ort,A1,"Masadaki kitapları rafa kaldırır mısın lütfen?","Kannst du bitte die Bücher auf dem Tisch ins Regal räumen?","masadaki kitapları rafa kaldırır mısın lütfen","kannst du bitte die bücher auf dem tisch ins regal räumen","Aorist Frage","ort|alltag|frage|a1",2,"gemini_batch_151_300",1
266,Ort,A2,"Köyümüz dağların arasında çok güzel bir yerdedir.","Unser Dorf liegt an einem sehr schönen Ort zwischen den Bergen.","köyümüz dağların arasında çok güzel bir yerdedir","unser dorf liegt an einem sehr schönen ort zwischen den bergen","Genitiv-Possessiv (zwischen)","ort|reise|a2",2,"gemini_batch_151_300",1
267,Ort,A1,"Bu bölgede iyi bir restoran var mı acaba?","Gibt es vielleicht ein gutes Restaurant in dieser Gegend?","bu bölgede iyi bir restoran var mı acaba","gibt es vielleicht ein gutes restaurant in dieser gegend","Lokativ -de/-da","ort|restaurant|frage|a1",1,"gemini_batch_151_300",1
268,Ort,A2,"Şehir dışında yaşamak bana her zaman huzur veriyor.","Außerhalb der Stadt zu leben gibt mir immer Frieden.","şehir dışında yaşamak bana her zaman huzur veriyor","außerhalb der stadt zu leben gibt mir immer frieden","Dativ -e/-a","ort|alltag|a2",2,"gemini_batch_151_300",1
269,Ort,A1,"Okulun karşısındaki kafede seni bekliyor olacağım.","Ich werde im Café gegenüber der Schule auf dich warten.","okulun karşısındaki kafede seni bekliyor olacağım","ich werde im café gegenüber der schule auf dich warten","Postposition karşı","ort|schule|a1",2,"gemini_batch_151_300",1
270,Ort,A2,"Cüzdanım masanın üzerinde kalmış, yeni fark ettim.","Mein Portemonnaie ist auf dem Tisch geblieben, das habe ich erst jetzt bemerkt.","cüzdanım masanın üzerinde kalmış yeni fark ettim","mein portemonnaie ist auf dem tisch geblieben das habe ich erst jetzt bemerkt","Miş-Vergangenheit","ort|alltag|a2",2,"gemini_batch_151_300",1
271,Fragen,A1,"Bu harika keki kendi ellerinle mi yaptın?","Hast du diesen wunderbaren Kuchen mit deinen eigenen Händen gemacht?","bu harika keki kendi ellerinle mi yaptın","hast du diesen wunderbaren kuchen mit deinen eigenen händen gemacht","Fragepartikel mı/mi","fragen|essen|frage|a1",1,"gemini_batch_151_300",1
272,Fragen,A2,"Tatil için neden Antalya'yı tercih ettiniz acaba?","Warum haben Sie sich für den Urlaub für Antalya entschieden?","tatil için neden antalyayı tercih ettiniz acaba","warum haben sie sich für den urlaub für antalya entschieden","Fragewort neden","fragen|reise|frage|a2",2,"gemini_batch_151_300",1
273,Fragen,A2,"Bu karmaşık sorunu nasıl çözmeyi düşünüyorsun?","Wie gedenkst du dieses komplexe Problem zu lösen?","bu karmaşık sorunu nasıl çözmeyi düşünüyorsun","wie gedenkst du dieses komplexe problem zu lösen","Fragewort nasıl","fragen|problem|frage|a2",2,"gemini_batch_151_300",1
274,Fragen,A1,"Sınav kağıdımı ne zaman kontrol edebilirsiniz hocam?","Wann können Sie mein Prüfungsblatt kontrollieren, Herr Lehrer?","sınav kağıdımı ne zaman kontrol edebilirsiniz hocam","wann können sie mein prüfungsblatt kontrollieren herr lehrer","Fragewort ne zaman","fragen|schule|frage|a1",2,"gemini_batch_151_300",1
275,Fragen,A1,"Benimle birlikte bu akşam tiyatroya gelir misin?","Kommst du heute Abend mit mir ins Theater?","benimle birlikte bu akşam tiyatroya gelir misin","kommst du heute abend mit mir ins theater","Aorist Frage","fragen|freizeit|frage|a1",1,"gemini_batch_151_300",1
276,Fragen,A2,"Bu ağır kutuyu taşımama yardım edebilir misin?","Kannst du mir helfen, diese schwere Kiste zu tragen?","bu ağır kutuyu taşımama yardım edebilir misin","kannst du mir helfen diese schwere kiste zu tragen","Möglichkeitsform Frage","fragen|alltag|frage|a2",2,"gemini_batch_151_300",1
277,Fragen,A1,"Hangi rengi daha çok seviyorsun, mavi mi kırmızı mı?","Welche Farbe magst du lieber, blau oder rot?","hangi rengi daha çok seviyorsun mavi mi kırmızı mı","welche farbe magst du lieber blau oder rot","Fragewort hangi","fragen|alltag|frage|a1",1,"gemini_batch_151_300",1
278,Fragen,A1,"Kahveni şekerli mi yoksa sade mi içersin?","Trinkst du deinen Kaffee mit Zucker oder schwarz?","kahveni şekerli mi yoksa sade mi içersin","trinkst du deinen kaffee mit zucker oder schwarz","Aorist Frage","fragen|essen|frage|a1",1,"gemini_batch_151_300",1
279,Fragen,A2,"Neden dünkü toplantıya katılmadığını öğrenebilir miyim?","Dürfte ich erfahren, warum du gestern nicht an der Besprechung teilgenommen hast?","neden dünkü toplantıya katılmadığını öğrenebilir miyim","dürfte ich erfahren warum du gestern nicht an der besprechung teilgenommen hast","Objektsatz (dik)","fragen|arbeit|frage|a2",3,"gemini_batch_151_300",1
280,Fragen,A1,"Yeni projemiz hakkında senin düşüncelerin nelerdir?","Was sind deine Gedanken zu unserem neuen Projekt?","yeni projemiz hakkında senin düşüncelerin nelerdir","was sind deine gedanken zu unserem neuen projekt","Postposition hakkında","fragen|arbeit|frage|a1",2,"gemini_batch_151_300",1
281,Smalltalk,A2,"Bu aralar havalar bir ısınıyor bir soğuyor.","In letzter Zeit wird das Wetter abwechselnd warm und kalt.","bu aralar havalar bir ısınıyor bir soğuyor","in letzter zeit wird das wetter abwechselnd warm und kalt","Präsens (Yor)","smalltalk|wetter|a2",2,"gemini_batch_151_300",1
282,Smalltalk,A1,"Hafta sonu oynanan derbi maçını izledin mi?","Hast du dir das Derby-Spiel am Wochenende angesehen?","hafta sonu oynanan derbi maçını izledin mi","hast du dir das derby-spiel am wochenende angesehen","Präteritum Frage","smalltalk|freizeit|frage|a1",2,"gemini_batch_151_300",1
283,Smalltalk,A1,"Yeni saç modelin sana gerçekten çok yakışmış.","Deine neue Frisur steht dir wirklich sehr gut.","yeni saç modelin sana gerçekten çok yakışmış","deine neue frisur steht dir wirklich sehr gut","Miş-Vergangenheit","smalltalk|freunde|a1",2,"gemini_batch_151_300",1
284,Smalltalk,A2,"Çocuklar ne kadar da çabuk büyüyorlar, değil mi?","Wie schnell die Kinder doch wachsen, nicht wahr?","çocuklar ne kadar da çabuk büyüyorlar değil mi","wie schnell die kinder doch wachsen nicht wahr","Bestätigungsfrage değil mi","smalltalk|familie|frage|a2",2,"gemini_batch_151_300",1
285,Smalltalk,A1,"Bugün trafik normalden çok daha fazla sıkışıktı.","Heute war der Verkehr viel dichter als normal.","bugün trafik normalden çok daha fazla sıkışıktı","heute war der verkehr viel dichter als normal","Präteritum (Kopula)","smalltalk|alltag|a1",2,"gemini_batch_151_300",1
286,Smalltalk,A2,"Seninle en son konuştuğumuzdan beri neler değişti?","Was hat sich verändert, seit wir das letzte Mal miteinander gesprochen haben?","seninle en son konuştuğumuzdan beri neler değişti","was hat sich verändert seit wir das letzte mal miteinander gesprochen haben","Postposition beri","smalltalk|freunde|frage|a2",3,"gemini_batch_151_300",1
287,Smalltalk,A1,"Şu sıralar okuduğun güzel bir kitap var mı?","Gibt es ein gutes Buch, das du derzeit liest?","şu sıralar okuduğun güzel bir kitap var mı","gibt es ein gutes buch das du derzeit liest","Besitz (Var) Frage","smalltalk|hobby|frage|a1",2,"gemini_batch_151_300",1
288,Smalltalk,A2,"Dün akşamki parti beklediğimden çok daha eğlenceliydi.","Die Party gestern Abend war viel lustiger als ich erwartet hatte.","dün akşamki parti beklediğimden çok daha eğlenceliydi","die party gestern abend war viel lustiger als ich erwartet hatte","Komparativ (Ablativ)","smalltalk|freizeit|a2",3,"gemini_batch_151_300",1
289,Smalltalk,A1,"Sence bu yıl yaz tatili nasıl geçecek?","Was denkst du, wie der Sommerurlaub dieses Jahr verlaufen wird?","sence bu yıl yaz tatili nasıl geçecek","was denkst du wie der sommerurlaub dieses jahr verlaufen wird","Futur -ecek/-acak","smalltalk|reise|frage|a1",1,"gemini_batch_151_300",1
290,Smalltalk,A2,"Yakın zamanda sinemada güzel bir film izledin mi?","Hast du in letzter Zeit einen schönen Film im Kino gesehen?","yakın zamanda sinemada güzel bir film izledin mi","hast du in letzter zeit einen schönen film im kino gesehen","Präteritum Frage","smalltalk|freizeit|frage|a2",2,"gemini_batch_151_300",1
291,Notfall,A1,"Lütfen hemen bir ambulans çağırın, durumu acil!","Bitte rufen Sie sofort einen Krankenwagen, die Situation ist dringend!","lütfen hemen bir ambulans çağırın durumu acil","bitte rufen sie sofort einen krankenwagen die situation ist dringend","Imperativ","notfall|gesundheit|a1",1,"gemini_batch_151_300",1
292,Notfall,A2,"Polisi aramanız gerekiyor, cüzdanımı ve telefonumu çaldırdım.","Sie müssen die Polizei rufen, mir wurden mein Portemonnaie und mein Telefon gestohlen.","polisi aramanız gerekiyor cüzdanımı ve telefonumu çaldırdım","sie müssen die polizei rufen mir wurden mein portemonnaie und mein telefon gestohlen","Kausativ","notfall|problem|a2",3,"gemini_batch_151_300",1
293,Notfall,A1,"Yangın çıkış kapısı ne tarafta, bana gösterir misiniz?","In welcher Richtung ist der Notausgang, können Sie ihn mir zeigen?","yangın çıkış kapısı ne tarafta bana gösterir misiniz","in welcher richtung ist der notausgang können sie ihn mir zeigen","Aorist Frage","notfall|ort|frage|a1",2,"gemini_batch_151_300",1
294,Notfall,A2,"Çok kötü düştüm, sanırım bacağım veya kolum kırıldı.","Ich bin sehr schlimm gestürzt, ich glaube, mein Bein oder mein Arm ist gebrochen.","çok kötü düştüm sanırım bacağım veya kolum kırıldı","ich bin sehr schlimm gestürzt ich glaube mein bein oder mein arm ist gebrochen","Passiv","notfall|gesundheit|a2",2,"gemini_batch_151_300",1
295,Notfall,A1,"Burada İngilizce veya Almanca bilen kimse var mı?","Gibt es hier jemanden, der Englisch oder Deutsch spricht?","burada ingilizce veya almanca bilen kimse var mı","gibt es hier jemanden der englisch oder deutsch spricht","Partizip Präsens -en/-an","notfall|frage|a1",2,"gemini_batch_151_300",1
296,Notfall,A1,"Lütfen bana yardım edin, yolumu tamamen kaybettim.","Bitte helfen Sie mir, ich habe mich komplett verlaufen.","lütfen bana yardım edin yolumu tamamen kaybettim","bitte helfen sie mir ich habe mich komplett verlaufen","Präteritum","notfall|ort|a1",1,"gemini_batch_151_300",1
297,Notfall,A2,"Arabam yolda bozuldu, çekici çağırmam gerekiyor acilen.","Mein Auto ist auf der Straße liegengeblieben, ich muss dringend einen Abschleppwagen rufen.","arabam yolda bozuldu çekici çağırmam gerekiyor acilen","mein auto ist auf der straße liegengeblieben ich muss dringend einen abschleppwagen rufen","Präteritum","notfall|reise|a2",2,"gemini_batch_151_300",1
298,Notfall,A2,"Pasaportumu otelde unuttum, uçağı kaçırmak üzereyim!","Ich habe meinen Reisepass im Hotel vergessen, ich bin dabei, den Flug zu verpassen!","pasaportumu otelde unuttum uçağı kaçırmak üzereyim","ich habe meinen reisepass im hotel vergessen ich bin dabei den flug zu verpassen","Präteritum","notfall|reise|a2",2,"gemini_batch_151_300",1
299,Notfall,A2,"Nefes almakta zorlanıyorum, lütfen bir doktor bulun!","Ich habe Schwierigkeiten beim Atmen, bitte finden Sie einen Arzt!","nefes almakta zorlanıyorum lütfen bir doktor bulun","ich habe schwierigkeiten beim atmen bitte finden sie einen arzt","Lokativ bei Handlung","notfall|gesundheit|a2",2,"gemini_batch_151_300",1
300,Notfall,A1,"Acil servis tam olarak hangi yönde kalıyor?","In welcher Richtung genau liegt die Notaufnahme?","acil servis tam olarak hangi yönde kalıyor","in welcher richtung genau liegt die notaufnahme","Lokativ -de/-da","notfall|ort|frage|a1",1,"gemini_batch_151_300",1
"301","Begruessung","A1","Merhaba, bugün nasılsın, her şey yolunda mı?","Hallo, wie geht es dir heute, ist alles in Ordnung?","merhaba bugün nasılsın her şey yolunda mı","hallo wie geht es dir heute ist alles in ordnung","Fragepartikel mı/mi","begruessung|frage|a1","1","gemini_batch_301_450","1"
"302","Begruessung","A1","Günaydın, umarım harika bir gün geçirirsiniz.","Guten Morgen, ich hoffe Sie verbringen einen wunderbaren Tag.","günaydın umarım harika bir gün geçirirsiniz","guten morgen ich hoffe sie verbringen einen wunderbaren tag","Aorist","begruessung|alltag|a1","1","gemini_batch_301_450","1"
"303","Begruessung","A2","Uzun zamandır görüşmedik, hayat nasıl gidiyor?","Wir haben uns lange nicht gesehen, wie läuft das Leben?","uzun zamandır görüşmedik hayat nasıl gidiyor","wir haben uns lange nicht gesehen wie läuft das leben","Präsens -yor","begruessung|frage|a2","2","gemini_batch_301_450","1"
"304","Begruessung","A1","İyi akşamlar, ailenize çok selam söyleyin.","Guten Abend, richten Sie Ihrer Familie viele Grüße aus.","iyi akşamlar ailenize çok selam söyleyin","guten abend richten sie ihrer familie viele grüße aus","Imperativ","begruessung|familie|a1","1","gemini_batch_301_450","1"
"305","Begruessung","A2","Hoş geldiniz, umarım yolculuğunuz rahat geçmiştir.","Willkommen, ich hoffe Ihre Reise war angenehm.","hoş geldiniz umarım yolculuğunuz rahat geçmiştir","willkommen ich hoffe ihre reise war angenehm","Miş-Vergangenheit","begruessung|reise|a2","2","gemini_batch_301_450","1"
"306","Begruessung","A1","Görüşürüz, kendine çok iyi bak dostum.","Bis dann, pass sehr gut auf dich auf, mein Freund.","görüşürüz kendine çok iyi bak dostum","bis dann pass sehr gut auf dich auf mein freund","Imperativ","begruessung|freunde|a1","1","gemini_batch_301_450","1"
"307","Begruessung","A2","Nasılsınız beyefendi, size nasıl yardımcı olabilirim?","Wie geht es Ihnen der Herr, wie kann ich Ihnen helfen?","nasılsınız beyefendi size nasıl yardımcı olabilirim","wie geht es ihnen der herr wie kann ich ihnen helfen","Möglichkeitsform","begruessung|frage|a2","2","gemini_batch_301_450","1"
"308","Begruessung","A1","Selam, dünkü maç hakkında ne düşünüyorsun?","Hallo, was denkst du über das gestrige Spiel?","selam dünkü maç hakkında ne düşünüyorsun","hallo was denkst du über das gestrige spiel","Postposition hakkında","begruessung|frage|a1","1","gemini_batch_301_450","1"
"309","Begruessung","A2","İyi geceler, yarın sabah erkenden görüşmek üzere.","Gute Nacht, bis morgen früh in aller Frühe.","iyi geceler yarın sabah erkenden görüşmek üzere","gute nacht bis morgen früh in aller frühe","Infinitiv","begruessung|abschied|a2","2","gemini_batch_301_450","1"
"310","Begruessung","A1","Merhaba arkadaşlar, bugünkü derse hazır mısınız?","Hallo Freunde, seid ihr bereit für den heutigen Unterricht?","merhaba arkadaşlar bugünkü derse hazır mısınız","hallo freunde seid ihr bereit für den heutigen unterricht","Fragepartikel mı/mi","begruessung|schule|frage|a1","1","gemini_batch_301_450","1"
"311","Vorstellung","A1","Benim adım Mehmet, memur olarak çalışıyorum.","Mein Name ist Mehmet, ich arbeite als Beamter.","benim adım mehmet memur olarak çalışıyorum","mein name ist mehmet ich arbeite als beamter","Präsens -yor","vorstellung|arbeit|a1","1","gemini_batch_301_450","1"
"312","Vorstellung","A1","Senin memleketin neresi, orada deniz var mı?","Wo ist deine Heimat, gibt es dort ein Meer?","senin memleketin neresi orada deniz var mı","wo ist deine heimat gibt es dort ein meer","Var/Yok","vorstellung|frage|a1","1","gemini_batch_301_450","1"
"313","Vorstellung","A2","Ben yirmi beş yaşındayım ve üniversite öğrencisiyim.","Ich bin fünfundzwanzig Jahre alt und Universitätsstudent.","ben yirmi beş yaşındayım ve üniversite öğrencisiyim","ich bin fünfundzwanzig jahre alt und universitätsstudent","Kopula","vorstellung|schule|a2","2","gemini_batch_301_450","1"
"314","Vorstellung","A1","Sizinle tanıştığıma gerçekten çok memnun oldum.","Ich habe mich wirklich sehr gefreut, Sie kennenzulernen.","sizinle tanıştığıma gerçekten çok memnun oldum","ich habe mich wirklich sehr gefreut sie kennenzulernen","Präteritum","vorstellung|hoeflich|a1","1","gemini_batch_301_450","1"
"315","Vorstellung","A2","Hangi dilleri konuşabiliyorsunuz, Almanca biliyor musunuz?","Welche Sprachen können Sie sprechen, können Sie Deutsch?","hangi dilleri konuşabiliyorsunuz almanca biliyor musunuz","welche sprachen können sie sprechen können sie deutsch","Möglichkeitsform","vorstellung|frage|a2","2","gemini_batch_301_450","1"
"316","Vorstellung","A2","Boş zamanlarımda piyano çalmaktan çok hoşlanırım.","In meiner Freizeit spiele ich sehr gerne Klavier.","boş zamanlarımda piyano çalmaktan çok hoşlanırım","in meiner freizeit spiele ich sehr gerne klavier","Ablativ -den/-dan","vorstellung|hobby|a2","2","gemini_batch_301_450","1"
"317","Vorstellung","A1","Onun adı Elif, kendisi benim kız kardeşimdir.","Ihr Name ist Elif, sie ist meine jüngere Schwester.","onun adı elif kendisi benim kız kardeşimdir","ihr name ist elif sie ist meine jüngere schwester","Kopula -dir","vorstellung|familie|a1","1","gemini_batch_301_450","1"
"318","Vorstellung","A2","Türkiye'ye ne zaman taşındınız, burayı beğendiniz mi?","Wann sind Sie in die Türkei gezogen, gefällt es Ihnen hier?","türkiyeye ne zaman taşındınız burayı beğendiniz mi","wann sind sie in die türkei gezogen gefällt es ihnen hier","Präteritum Frage","vorstellung|reise|frage|a2","2","gemini_batch_301_450","1"
"319","Vorstellung","A1","Ben bekarım, henüz kendi evim yok.","Ich bin ledig, ich habe noch kein eigenes Haus.","ben bekarım henüz kendi evim yok","ich bin ledig ich habe noch kein eigenes haus","Var/Yok","vorstellung|alltag|a1","1","gemini_batch_301_450","1"
"320","Vorstellung","A2","Kendinizden biraz daha bahseder misiniz lütfen?","Könnten Sie bitte noch ein wenig von sich erzählen?","kendinizden biraz daha bahseder misiniz lütfen","könnten sie bitte noch ein wenig von sich erzählen","Aorist Frage","vorstellung|frage|a2","2","gemini_batch_301_450","1"
"321","Alltag","A1","Her sabah saat yedide uyanıp kahvaltı yaparım.","Jeden Morgen wache ich um sieben Uhr auf und frühstücke.","her sabah saat yedide uyanıp kahvaltı yaparım","jeden morgen wache ich um sieben uhr auf und frühstücke","Gerundium -ip","alltag|zeit|a1","1","gemini_batch_301_450","1"
"322","Alltag","A1","Bugün hava yağmurlu, şemsiyeni yanına aldın mı?","Heute ist das Wetter regnerisch, hast du deinen Regenschirm mitgenommen?","bugün hava yağmurlu şemsiyeni yanına aldın mı","heute ist das wetter regnerisch hast du deinen regenschirm mitgenommen","Präteritum Frage","alltag|wetter|frage|a1","1","gemini_batch_301_450","1"
"323","Alltag","A2","İşten sonra markete uğrayıp ekmek almam gerekiyor.","Nach der Arbeit muss ich beim Supermarkt vorbeischauen und Brot kaufen.","işten sonra markete uğrayıp ekmek almam gerekiyor","nach der arbeit muss ich beim supermarkt vorbeischauen und brot kaufen","Notwendigkeit","alltag|einkaufen|a2","2","gemini_batch_301_450","1"
"324","Alltag","A1","Hafta sonu arkadaşlarımla sinemaya gitmeyi planlıyoruz.","Am Wochenende planen wir mit meinen Freunden ins Kino zu gehen.","hafta sonu arkadaşlarımla sinemaya gitmeyi planlıyoruz","am wochenende planen wir mit meinen freunden ins kino zu gehen","Instrumental ile","alltag|freizeit|a1","1","gemini_batch_301_450","1"
"325","Alltag","A2","Akşam yemeği için genellikle tavuk veya balık pişiririm.","Zum Abendessen koche ich normalerweise Huhn oder Fisch.","akşam yemeği için genellikle tavuk veya balık pişiririm","zum abendessen koche ich normalerweise huhn oder fisch","Aorist","alltag|essen|a2","2","gemini_batch_301_450","1"
"326","Alltag","A2","Bugün çok yoruldum, erken uyumak istiyor musun?","Heute bin ich sehr müde, möchtest du früh schlafen?","bugün çok yoruldum erken uyumak istiyor musun","heute bin ich sehr müde möchtest du früh schlafen","Präsens Frage","alltag|gesundheit|frage|a2","2","gemini_batch_301_450","1"
"327","Alltag","A1","Ev işlerini bitirdikten sonra kahve içeceğim.","Nachdem ich die Hausarbeit beendet habe, werde ich Kaffee trinken.","ev işlerini bitirdikten sonra kahve içeceğim","nachdem ich die hausarbeit beendet habe werde ich kaffee trinken","Ablativ + sonra","alltag|zeit|a1","1","gemini_batch_301_450","1"
"328","Alltag","A2","Köpeğini her gün parkta gezdiriyor musun?","Gehst du mit deinem Hund jeden Tag im Park spazieren?","köpeğini her gün parkta gezdiriyor musun","gehst du mit deinem hund jeden tag im park spazieren","Präsens Frage","alltag|freizeit|frage|a2","2","gemini_batch_301_450","1"
"329","Alltag","A1","Çöpleri dışarı çıkarmayı unutma lütfen, kokuyor.","Bitte vergiss nicht den Müll rauszubringen, er stinkt.","çöpleri dışarı çıkarmayı unutma lütfen kokuyor","bitte vergiss nicht den müll rauszubringen er stinkt","Negativ Imperativ","alltag|problem|a1","1","gemini_batch_301_450","1"
"330","Alltag","A2","Kıyafetlerini ne sıklıkla ütülemeyi tercih edersin?","Wie oft bügelst du bevorzugt deine Kleidung?","kıyafetlerini ne sıklıkla ütülemeyi tercih edersin","wie oft bügelst du bevorzugt deine kleidung","Aorist Frage","alltag|frage|a2","2","gemini_batch_301_450","1"
"331","Einkaufen","A1","Bu mavi gömleğin fiyatı ne kadar acaba?","Wie viel kostet eigentlich dieses blaue Hemd?","bu mavi gömleğin fiyatı ne kadar acaba","wie viel kostet eigentlich dieses blaue hemd","Genitiv","einkaufen|kleidung|frage|a1","1","gemini_batch_301_450","1"
"332","Einkaufen","A1","İki kilo elma ve bir kilo muz istiyorum.","Ich möchte zwei Kilo Äpfel und ein Kilo Bananen.","iki kilo elma ve bir kilo muz istiyorum","ich möchte zwei kilo äpfel und ein kilo bananen","Präsens -yor","einkaufen|essen|a1","1","gemini_batch_301_450","1"
"333","Einkaufen","A2","Maalesef bu ürün şu anda stoklarımızda kalmadı.","Leider ist dieses Produkt im Moment nicht mehr auf Lager.","maalesef bu ürün şu anda stoklarımızda kalmadı","leider ist dieses produkt im moment nicht mehr auf lager","Präteritum","einkaufen|problem|a2","2","gemini_batch_301_450","1"
"334","Einkaufen","A1","Ödemeyi nakit mi yoksa kartla mı yapacaksınız?","Werden Sie die Zahlung bar oder mit Karte vornehmen?","ödemeyi nakit mi yoksa kartla mı yapacaksınız","werden sie die zahlung bar oder mit karte vornehmen","Futur Frage","einkaufen|geld|frage|a1","1","gemini_batch_301_450","1"
"335","Einkaufen","A2","Bu pantolonun bir beden büyüğü sizde var mı?","Haben Sie diese Hose eine Nummer größer?","bu pantolonun bir beden büyüğü sizde var mı","haben sie diese hose eine nummer größer","Var/Yok","einkaufen|kleidung|frage|a2","2","gemini_batch_301_450","1"
"336","Einkaufen","A1","Fişinizi veya faturanızı almak ister misiniz?","Möchten Sie Ihren Beleg oder Ihre Rechnung mitnehmen?","fişinizi veya faturanızı almak ister misiniz","möchten sie ihren beleg oder ihre rechnung mitnehmen","Aorist Frage","einkaufen|geld|frage|a1","1","gemini_batch_301_450","1"
"337","Einkaufen","A2","İndirimli ürünler mağazanın arka tarafında bulunuyor.","Die reduzierten Produkte befinden sich im hinteren Teil des Geschäfts.","indirimli ürünler mağazanın arka tarafında bulunuyor","die reduzierten produkte befinden sich im hinteren teil des geschäfts","Lokativ -de/-da","einkaufen|ort|a2","2","gemini_batch_301_450","1"
"338","Einkaufen","A2","Kredi kartım çalışmıyor, başka bir kart deneyebilir miyiz?","Meine Kreditkarte funktioniert nicht, können wir eine andere Karte probieren?","kredi kartım çalışmıyor başka bir kart deneyebilir miyiz","meine kreditkarte funktioniert nicht können wir eine andere karte probieren","Möglichkeitsform Frage","einkaufen|problem|frage|a2","2","gemini_batch_301_450","1"
"339","Einkaufen","A1","Vitrinindeki kırmızı elbiseyi çok beğendim, alacağım.","Das rote Kleid im Schaufenster gefällt mir sehr, ich werde es kaufen.","vitrinindeki kırmızı elbiseyi çok beğendim alacağım","das rote kleid im schaufenster gefällt mir sehr ich werde es kaufen","Futur","einkaufen|kleidung|a1","1","gemini_batch_301_450","1"
"340","Einkaufen","A2","Aldığım bu ayakkabıyı yarın iade edebilir miyim?","Kann ich diesen Schuh, den ich gekauft habe, morgen zurückgeben?","aldığım bu ayakkabıyı yarın iade edebilir miyim","kann ich diesen schuh den ich gekauft habe morgen zurückgeben","Möglichkeitsform Frage","einkaufen|kleidung|frage|a2","2","gemini_batch_301_450","1"
"341","Restaurant","A1","Menüyü görebilir miyiz lütfen, sipariş vermek istiyoruz.","Können wir bitte die Speisekarte sehen, wir möchten bestellen.","menüyü görebilir miyiz lütfen sipariş vermek istiyoruz","können wir bitte die speisekarte sehen wir möchten bestellen","Möglichkeitsform Frage","restaurant|essen|frage|a1","1","gemini_batch_301_450","1"
"342","Restaurant","A2","Yemekler çok lezzetliydi, aşçıya teşekkürlerimizi iletin.","Das Essen war sehr lecker, richten Sie dem Koch unseren Dank aus.","yemekler çok lezzetliydi aşçıya teşekkürlerimizi iletin","das essen war sehr lecker richten sie dem koch unseren dank aus","Dativ -e/-a","restaurant|hoeflich|a2","2","gemini_batch_301_450","1"
"343","Restaurant","A1","Benim çorbam çok soğuk, ısıtabilir misiniz acaba?","Meine Suppe ist sehr kalt, können Sie sie vielleicht aufwärmen?","benim çorbam çok soğuk ısıtabilir misiniz acaba","meine suppe ist sehr kalt können sie sie vielleicht aufwärmen","Möglichkeitsform Frage","restaurant|essen|frage|a1","1","gemini_batch_301_450","1"
"344","Restaurant","A2","Hesabı ödemek istiyorum, pos cihazınız var mı?","Ich möchte die Rechnung bezahlen, haben Sie ein Kartenlesegerät?","hesabı ödemek istiyorum pos cihazınız var mı","ich möchte die rechnung bezahlen haben sie ein kartenlesegerät","Var/Yok","restaurant|geld|frage|a2","2","gemini_batch_301_450","1"
"345","Restaurant","A1","İki bardak çay ve bir porsiyon baklava lütfen.","Zwei Gläser Tee und eine Portion Baklava bitte.","iki bardak çay ve bir porsiyon baklava lütfen","zwei gläser tee und eine portion baklava bitte","Zahlwörter","restaurant|essen|a1","1","gemini_batch_301_450","1"
"346","Restaurant","A2","Garson bey, masamıza biraz daha ekmek getirebilir misiniz?","Herr Kellner, können Sie etwas mehr Brot an unseren Tisch bringen?","garson bey masamıza biraz daha ekmek getirebilir misiniz","herr kellner können sie etwas mehr brot an unseren tisch bringen","Möglichkeitsform Frage","restaurant|essen|frage|a2","2","gemini_batch_301_450","1"
"347","Restaurant","A1","Sizin en meşhur yemeğiniz hangisi, ne tavsiye edersiniz?","Welches ist Ihr berühmtestes Gericht, was empfehlen Sie?","sizin en meşhur yemeğiniz hangisi ne tavsiye edersiniz","welches ist ihr berühmtestes gericht was empfehlen sie","Aorist Frage","restaurant|essen|frage|a1","1","gemini_batch_301_450","1"
"348","Restaurant","A2","Bu salatanın içinde ceviz veya badem var mı?","Gibt es in diesem Salat Walnüsse oder Mandeln?","bu salatanın içinde ceviz veya badem var mı","gibt es in diesem salat walnüsse oder mandeln","Var/Yok","restaurant|essen|frage|a2","2","gemini_batch_301_450","1"
"349","Restaurant","A1","Tatlı yemek için midemde hiç yer kalmadı.","In meinem Magen ist gar kein Platz mehr für Dessert geblieben.","tatlı yemek için midemde hiç yer kalmadı","in meinem magen ist gar kein platz mehr für dessert geblieben","Präteritum Negation","restaurant|essen|a1","1","gemini_batch_301_450","1"
"350","Restaurant","A2","Cam kenarında boş bir masanız bulunuyor mu?","Haben Sie einen freien Tisch am Fenster?","cam kenarında boş bir masanız bulunuyor mu","haben sie einen freien tisch am fenster","Präsens Frage","restaurant|ort|frage|a2","2","gemini_batch_301_450","1"
"351","Reisen","A1","Uçağımızın kalkış saatini ekrandan kontrol edelim mi?","Sollen wir die Abflugzeit unseres Fluges auf dem Bildschirm überprüfen?","uçağımızın kalkış saatini ekrandan kontrol edelim mi","sollen wir die abflugzeit unseres fluges auf dem bildschirm überprüfen","Optativ Frage","reisen|zeit|frage|a1","1","gemini_batch_301_450","1"
"352","Reisen","A2","Pasaport kontrolünden geçmek için uzun süre bekledik.","Wir haben lange gewartet, um durch die Passkontrolle zu gehen.","pasaport kontrolünden geçmek için uzun süre bekledik","wir haben lange gewartet um durch die passkontrolle zu gehen","Postposition için","reisen|ort|a2","2","gemini_batch_301_450","1"
"353","Reisen","A1","Bavulum çok ağır, taşımama yardım edebilir misiniz?","Mein Koffer ist sehr schwer, können Sie mir beim Tragen helfen?","bavulum çok ağır taşımama yardım edebilir misiniz","mein koffer ist sehr schwer können sie mir beim tragen helfen","Möglichkeitsform Frage","reisen|problem|frage|a1","1","gemini_batch_301_450","1"
"354","Reisen","A2","Tren istasyonuna gitmek için hangi otobüse binmeliyim?","In welchen Bus muss ich einsteigen, um zum Bahnhof zu fahren?","tren istasyonuna gitmek için hangi otobüse binmeliyim","in welchen bus muss ich einsteigen um zum bahnhof zu fahren","Notwendigkeit -meli/-malı","reisen|frage|a2","2","gemini_batch_301_450","1"
"355","Reisen","A1","Otel rezervasyonumu internet üzerinden dün akşam yaptım.","Meine Hotelreservierung habe ich gestern Abend über das Internet gemacht.","otel rezervasyonumu internet üzerinden dün akşam yaptım","meine hotelreservierung habe ich gestern abend über das internet gemacht","Präteritum","reisen|hotel|a1","1","gemini_batch_301_450","1"
"356","Reisen","A2","Şehir merkezindeki müzeleri gezmek için rehber kiraladık.","Wir haben einen Führer gemietet, um die Museen im Stadtzentrum zu besichtigen.","şehir merkezindeki müzeleri gezmek için rehber kiraladık","wir haben einen führer gemietet um die museen im stadtzentrum zu besichtigen","Akkusativ -i/-ı","reisen|ort|a2","2","gemini_batch_301_450","1"
"357","Reisen","A1","Tatilimiz haftaya başlıyor, bunun için çok heyecanlıyım.","Unser Urlaub beginnt nächste Woche, darüber bin ich sehr aufgeregt.","tatilimiz haftaya başlıyor bunun için çok heyecanlıyım","unser urlaub beginnt nächste woche darüber bin ich sehr aufgeregt","Präsens -yor","reisen|zeit|a1","1","gemini_batch_301_450","1"
"358","Reisen","A2","Otobüs biletini iptal etmek için ekstra ücret öder miyim?","Zahle ich eine zusätzliche Gebühr, um das Busticket zu stornieren?","otobüs biletini iptal etmek için ekstra ücret öder miyim","zahle ich eine zusätzliche gebühr um das busticket zu stornieren","Aorist Frage","reisen|geld|frage|a2","2","gemini_batch_301_450","1"
"359","Reisen","A1","Deniz kenarında yürüyüş yapmak bana çok iyi geldi.","Ein Spaziergang am Meer hat mir sehr gut getan.","deniz kenarında yürüyüş yapmak bana çok iyi geldi","ein spaziergang am meer hat mir sehr gut getan","Dativ -e/-a","reisen|freizeit|a1","1","gemini_batch_301_450","1"
"360","Reisen","A2","Buradan havalimanına taksi ile gitmek ne kadar sürer?","Wie lange dauert es, von hier mit dem Taxi zum Flughafen zu fahren?","buradan havalimanına taksi ile gitmek ne kadar sürer","wie lange dauert es von hier mit dem taxi zum flughafen zu fahren","Aorist Frage","reisen|zeit|frage|a2","2","gemini_batch_301_450","1"
"361","Arbeit","A1","Yarınki sabah toplantısına herkes katılmak zorunda mı?","Muss jeder an der morgigen Morgenbesprechung teilnehmen?","yarınki sabah toplantısına herkes katılmak zorunda mı","muss jeder an der morgigen morgenbesprechung teilnehmen","Fragepartikel mı/mi","arbeit|zeit|frage|a1","1","gemini_batch_301_450","1"
"362","Arbeit","A2","Patron projeyi yarına kadar bitirmemizi kesinlikle istiyor.","Der Chef will unbedingt, dass wir das Projekt bis morgen beenden.","patron projeyi yarına kadar bitirmemizi kesinlikle istiyor","der chef will unbedingt dass wir das projekt bis morgen beenden","Postposition kadar","arbeit|zeit|a2","2","gemini_batch_301_450","1"
"363","Arbeit","A1","Bilgisayarımın ekranı bozuldu, teknik servisi arayabilir misin?","Der Bildschirm meines Computers ist kaputt, kannst du den technischen Dienst anrufen?","bilgisayarımın ekranı bozuldu teknik servisi arayabilir misin","der bildschirm meines computers ist kaputt kannst du den technischen dienst anrufen","Möglichkeitsform Frage","arbeit|problem|frage|a1","1","gemini_batch_301_450","1"
"364","Arbeit","A2","Maaşıma bu ay küçük bir zam yapılacağını öğrendim.","Ich habe erfahren, dass mein Gehalt diesen Monat eine kleine Erhöhung bekommt.","maaşıma bu ay küçük bir zam yapılacağını öğrendim","ich habe erfahren dass mein gehalt diesen monat eine kleine erhöhung bekommt","Objektsatz -ecek","arbeit|geld|a2","3","gemini_batch_301_450","1"
"365","Arbeit","A1","Öğle molasında genellikle şirket kafeteryasında yemek yerim.","In der Mittagspause esse ich normalerweise in der Firmenkantine.","öğle molasında genellikle şirket kafeteryasında yemek yerim","in der mittagspause esse ich normalerweise in der firmenkantine","Aorist","arbeit|essen|a1","1","gemini_batch_301_450","1"
"366","Arbeit","A2","Yeni iş arkadaşımızla tanıştın mı, sence nasıl biri?","Hast du unseren neuen Kollegen kennengelernt, was für ein Mensch ist er deiner Meinung nach?","yeni iş arkadaşımızla tanıştın mı sence nasıl biri","hast du unseren neuen kollegen kennengelernt was für ein mensch ist er deiner meinung nach","Präteritum Frage","arbeit|freunde|frage|a2","2","gemini_batch_301_450","1"
"367","Arbeit","A1","Bugün ofiste işler gerçekten çok yoğun ve stresli.","Heute ist die Arbeit im Büro wirklich sehr intensiv und stressig.","bugün ofiste işler gerçekten çok yoğun ve stresli","heute ist die arbeit im büro wirklich sehr intensiv und stressig","Kopula","arbeit|alltag|a1","1","gemini_batch_301_450","1"
"368","Arbeit","A2","Bu belgeleri imzalayıp muhasebeye teslim etmeniz gerekiyor.","Sie müssen diese Dokumente unterschreiben und in der Buchhaltung abgeben.","bu belgeleri imzalayıp muhasebeye teslim etmeniz gerekiyor","sie müssen diese dokumente unterschreiben und in der buchhaltung abgeben","Notwendigkeit gerekiyor","arbeit|alltag|a2","2","gemini_batch_301_450","1"
"369","Arbeit","A1","Yıllık iznimi ağustos ayında kullanmak istiyorum, uygun mu?","Ich möchte meinen Jahresurlaub im August nehmen, ist das passend?","yıllık iznimi ağustos ayında kullanmak istiyorum uygun mu","ich möchte meinen jahresurlaub im august nehmen ist das passend","Infinitiv","arbeit|zeit|frage|a1","1","gemini_batch_301_450","1"
"370","Arbeit","A2","Mesai saatleri dışında şirketin bilgisayarını eve götürebilir miyim?","Darf ich den Computer der Firma außerhalb der Arbeitszeiten mit nach Hause nehmen?","mesai saatleri dışında şirketin bilgisayarını eve götürebilir miyim","darf ich den computer der firma außerhalb der arbeitszeiten mit nach hause nehmen","Möglichkeitsform Frage","arbeit|ort|frage|a2","2","gemini_batch_301_450","1"
"371","Schule","A1","Matematik sınavından çok yüksek bir not aldım.","Ich habe eine sehr hohe Note in der Mathematikprüfung bekommen.","matematik sınavından çok yüksek bir not aldım","ich habe eine sehr hohe note in der mathematikprüfung bekommen","Ablativ -den/-dan","schule|a1","1","gemini_batch_301_450","1"
"372","Schule","A2","Tarih öğretmeni bize bu konu hakkında ödev verdi mi?","Hat uns der Geschichtslehrer Hausaufgaben zu diesem Thema gegeben?","tarih öğretmeni bize bu konu hakkında ödev verdi mi","hat uns der geschichtslehrer hausaufgaben zu diesem thema gegeben","Präteritum Frage","schule|frage|a2","2","gemini_batch_301_450","1"
"373","Schule","A1","Kütüphanede ders çalışmak için sessiz bir yer buldum.","Ich habe einen ruhigen Ort gefunden, um in der Bibliothek zu lernen.","kütüphanede ders çalışmak için sessiz bir yer buldum","ich habe einen ruhigen ort gefunden um in der bibliothek zu lernen","Postposition için","schule|ort|a1","1","gemini_batch_301_450","1"
"374","Schule","A2","Yarın okullar tatil olduğu için geç saate kadar uyuyacağım.","Da die Schulen morgen geschlossen sind, werde ich bis spät schlafen.","yarın okullar tatil olduğu için geç saate kadar uyuyacağım","da die schulen morgen geschlossen sind werde ich bis spät schlafen","Futur","schule|zeit|a2","2","gemini_batch_301_450","1"
"375","Schule","A1","Senin en sevdiğin ders hangisi, coğrafya mı?","Was ist dein Lieblingsfach, ist es Geografie?","senin en sevdiğin ders hangisi coğrafya mı","was ist dein lieblingsfach ist es geografie","Fragepronomen","schule|frage|a1","1","gemini_batch_301_450","1"
"376","Schule","A2","Önümüzdeki yıl üniversite sınavına girmeyi planlıyor musun?","Planst du nächstes Jahr an der Universitätsaufnahmeprüfung teilzunehmen?","önümüzdeki yıl üniversite sınavına girmeyi planlıyor musun","planst du nächstes jahr an der universitätsaufnahmeprüfung teilzunehmen","Präsens Frage","schule|zeit|frage|a2","2","gemini_batch_301_450","1"
"377","Schule","A1","Kantinden bir şişe su ve tost alacağım.","Ich werde aus der Kantine eine Flasche Wasser und einen Toast holen.","kantinden bir şişe su ve tost alacağım","ich werde aus der kantine eine flasche wasser und einen toast holen","Futur","schule|essen|a1","1","gemini_batch_301_450","1"
"378","Schule","A2","Kitabımı evde unutmuşum, seninkine birlikte bakabilir miyiz?","Ich habe mein Buch zu Hause vergessen, können wir zusammen in deines schauen?","kitabımı evde unutmuşum seninkine birlikte bakabilir miyiz","ich habe mein buch zu hause vergessen können wir zusammen in deines schauen","Miş-Vergangenheit","schule|problem|frage|a2","2","gemini_batch_301_450","1"
"379","Schule","A1","Okul bahçesinde arkadaşlarımla futbol oynamayı çok seviyorum.","Ich spiele sehr gerne Fußball mit meinen Freunden auf dem Schulhof.","okul bahçesinde arkadaşlarımla futbol oynamayı çok seviyorum","ich spiele sehr gerne fußball mit meinen freunden auf dem schulhof","Instrumental ile","schule|freizeit|a1","1","gemini_batch_301_450","1"
"380","Schule","A2","Yabancı dil öğrenmek için bir dil kursuna yazıldım.","Ich habe mich für einen Sprachkurs angemeldet, um eine Fremdsprache zu lernen.","yabancı dil öğrenmek için bir dil kursuna yazıldım","ich habe mich für einen sprachkurs angemeldet um eine fremdsprache zu lernen","Passiv","schule|alltag|a2","2","gemini_batch_301_450","1"
"381","Familie","A1","Benim kız kardeşim benden iki yaş daha küçük.","Meine jüngere Schwester ist zwei Jahre jünger als ich.","benim kız kardeşim benden iki yaş daha küçük","meine jüngere schwester ist zwei jahre jünger als ich","Komparativ","familie|a1","1","gemini_batch_301_450","1"
"382","Familie","A2","Büyükbabanız nerede yaşıyor, onu sık sık ziyaret eder misiniz?","Wo lebt Ihr Großvater, besuchen Sie ihn oft?","büyükbabanız nerede yaşıyor onu sık sık ziyaret eder misiniz","wo lebt ihr großvater besuchen sie ihn oft","Aorist Frage","familie|ort|frage|a2","2","gemini_batch_301_450","1"
"383","Familie","A1","Hafta sonu bütün aile beraber pikniğe gideceğiz.","Am Wochenende werden wir mit der ganzen Familie zusammen picknicken gehen.","hafta sonu bütün aile beraber pikniğe gideceğiz","am wochenende werden wir mit der ganzen familie zusammen picknicken gehen","Futur","familie|freizeit|a1","1","gemini_batch_301_450","1"
"384","Familie","A2","Annem ve babam otuz yıldır mutlu bir evlilik sürdürüyor.","Meine Mutter und mein Vater führen seit dreißig Jahren eine glückliche Ehe.","annem ve babam otuz yıldır mutlu bir evlilik sürdürüyor","meine mutter und mein vater führen seit dreißig jahren eine glückliche ehe","Präsens -yor","familie|zeit|a2","2","gemini_batch_301_450","1"
"385","Familie","A1","Senin kaç tane amcan ve teyzen var?","Wie viele Onkel und Tanten hast du?","senin kaç tane amcan ve teyzen var","wie viele onkel und tanten hast du","Var/Yok","familie|frage|a1","1","gemini_batch_301_450","1"
"386","Familie","A2","Kuzenimin düğünü için tüm akrabalarımız Ankara'ya gelecek.","Für die Hochzeit meines Cousins werden alle unsere Verwandten nach Ankara kommen.","kuzenimin düğünü için tüm akrabalarımız ankaraya gelecek","für die hochzeit meines cousins werden alle unsere verwandten nach ankara kommen","Futur","familie|ort|a2","2","gemini_batch_301_450","1"
"387","Familie","A1","Kardeşimle televizyon izlerken bazen çok kavga ediyoruz.","Wenn ich mit meinem Bruder fernsehe, streiten wir uns manchmal sehr.","kardeşimle televizyon izlerken bazen çok kavga ediyoruz","wenn ich mit meinem bruder fernsehe streiten wir uns manchmal sehr","Gerundium -ken","familie|alltag|a1","1","gemini_batch_301_450","1"
"388","Familie","A2","Ailenizin tek çocuğu musunuz yoksa kardeşleriniz var mı?","Sind Sie das einzige Kind Ihrer Familie oder haben Sie Geschwister?","ailenizin tek çocuğu musunuz yoksa kardeşleriniz var mı","sind sie das einzige kind ihrer familie oder haben sie geschwister","Konjunktion yoksa","familie|frage|a2","2","gemini_batch_301_450","1"
"389","Familie","A1","Dedem bize her zaman eski güzel hikayeler anlatır.","Mein Opa erzählt uns immer schöne alte Geschichten.","dedem bize her zaman eski güzel hikayeler anlatır","mein opa erzählt uns immer schöne alte geschichten","Aorist","familie|alltag|a1","1","gemini_batch_301_450","1"
"390","Familie","A2","Eşinle ev işlerini nasıl paylaşıyorsunuz, kim yemek yapıyor?","Wie teilt ihr die Hausarbeit mit deinem Partner auf, wer kocht?","eşinle ev işlerini nasıl paylaşıyorsunuz kim yemek yapıyor","wie teilt ihr die hausarbeit mit deinem partner auf wer kocht","Präsens Frage","familie|alltag|frage|a2","2","gemini_batch_301_450","1"
"391","Gesundheit","A1","Başım çok kötü ağrıyor, aspirin almam lazım.","Mein Kopf tut sehr schlimm weh, ich muss Aspirin nehmen.","başım çok kötü ağrıyor aspirin almam lazım","mein kopf tut sehr schlimm weh ich muss aspirin nehmen","Notwendigkeit lazım","gesundheit|problem|a1","1","gemini_batch_301_450","1"
"392","Gesundheit","A2","Doktor reçeteme yazdığı bu ilacı eczaneden aldın mı?","Hast du dieses Medikament, das der Arzt auf mein Rezept geschrieben hat, aus der Apotheke geholt?","doktor reçeteme yazdığı bu ilacı eczaneden aldın mı","hast du dieses medikament das der arzt auf mein rezept geschrieben hat aus der apotheke geholt","Relativsatz -dik","gesundheit|frage|a2","3","gemini_batch_301_450","1"
"393","Gesundheit","A1","Benim bademciklerim şişmiş, bu yüzden yutkunmakta zorlanıyorum.","Meine Mandeln sind geschwollen, deshalb fällt es mir schwer zu schlucken.","benim bademciklerim şişmiş bu yüzden yutkunmakta zorlanıyorum","meine mandeln sind geschwollen deshalb fällt es mir schwer zu schlucken","Miş-Vergangenheit","gesundheit|problem|a1","1","gemini_batch_301_450","1"
"394","Gesundheit","A2","Dişçiden yarın sabah saat dokuz için randevu alabilir miyim?","Kann ich für morgen früh um neun Uhr einen Termin beim Zahnarzt bekommen?","dişçiden yarın sabah saat dokuz için randevu alabilir miyim","kann ich für morgen früh um neun uhr einen termin beim zahnarzt bekommen","Möglichkeitsform Frage","gesundheit|zeit|frage|a2","2","gemini_batch_301_450","1"
"395","Gesundheit","A1","Geçmiş olsun, umarım en kısa zamanda sağlığına kavuşursun.","Gute Besserung, ich hoffe du erlangst deine Gesundheit schnellstmöglich wieder.","geçmiş olsun umarım en kısa zamanda sağlığına kavuşursun","gute besserung ich hoffe du erlangst deine gesundheit schnellstmöglich wieder","Aorist","gesundheit|a1","1","gemini_batch_301_450","1"
"396","Gesundheit","A2","Düzenli spor yapmak ve sağlıklı beslenmek kalp için önemlidir.","Regelmäßig Sport zu treiben und sich gesund zu ernähren ist wichtig für das Herz.","düzenli spor yapmak ve sağlıklı beslenmek kalp için önemlidir","regelmäßig sport zu treiben und sich gesund zu ernähren ist wichtig für das herz","Infinitiv","gesundheit|alltag|a2","2","gemini_batch_301_450","1"
"397","Gesundheit","A1","Ateşin var gibi görünüyor, derece ile ölçelim mi?","Es sieht so aus, als hättest du Fieber, sollen wir es mit dem Thermometer messen?","ateşin var gibi görünüyor derece ile ölçelim mi","es sieht so aus als hättest du fieber sollen wir es mit dem thermometer messen","Optativ Frage","gesundheit|problem|frage|a1","1","gemini_batch_301_450","1"
"398","Gesundheit","A2","Kan tahlili sonuçlarımı öğrenmek için doktoru ne zaman aramalıyım?","Wann sollte ich den Arzt anrufen, um die Ergebnisse meiner Blutuntersuchung zu erfahren?","kan tahlili sonuçlarımı öğrenmek için doktoru ne zaman aramalıyım","wann sollte ich den arzt anrufen um die ergebnisse meiner blutuntersuchung zu erfahren","Notwendigkeit -meli/-malı","gesundheit|frage|a2","2","gemini_batch_301_450","1"
"399","Gesundheit","A1","Midem çok bulanıyor, sanırım yediğim bir şey dokundu.","Mir ist sehr übel, ich glaube etwas, das ich gegessen habe, ist mir nicht bekommen.","midem çok bulanıyor sanırım yediğim bir şey dokundu","mir ist sehr übel ich glaube etwas das ich gegessen habe ist mir nicht bekommen","Präsens -yor","gesundheit|problem|a1","2","gemini_batch_301_450","1"
"400","Gesundheit","A2","Bacağındaki yara ne zaman iyileşecek, doktor ne dedi?","Wann wird die Wunde an deinem Bein heilen, was hat der Arzt gesagt?","bacağındaki yara ne zaman iyileşecek doktor ne dedi","wann wird die wunde an deinem bein heilen was hat der arzt gesagt","Futur Frage","gesundheit|frage|a2","2","gemini_batch_301_450","1"
"401","Zeit","A1","Maç akşam saat tam sekizde mi başlayacak?","Wird das Spiel am Abend genau um acht Uhr beginnen?","maç akşam saat tam sekizde mi başlayacak","wird das spiel am abend genau um acht uhr beginnen","Futur Frage","zeit|freizeit|frage|a1","1","gemini_batch_301_450","1"
"402","Zeit","A2","Geçen sene yaz tatilinde Bodrum'a gidip çok eğlendik.","Letztes Jahr im Sommerurlaub sind wir nach Bodrum gefahren und hatten viel Spaß.","geçen sene yaz tatilinde bodruma gidip çok eğlendik","letztes jahr im sommerurlaub sind wir nach bodrum gefahren und hatten viel spaß","Präteritum","zeit|reise|a2","2","gemini_batch_301_450","1"
"403","Zeit","A1","Gelecek ay yeni bir kursa başlamayı düşünüyorum.","Ich denke daran, nächsten Monat einen neuen Kurs zu beginnen.","gelecek ay yeni bir kursa başlamayı düşünüyorum","ich denke daran nächsten monat einen neuen kurs zu beginnen","Präsens -yor","zeit|schule|a1","1","gemini_batch_301_450","1"
"404","Zeit","A2","Otobüs durağında yaklaşık yarım saattir seni bekliyorum, neredesin?","Ich warte seit etwa einer halben Stunde an der Bushaltestelle auf dich, wo bist du?","otobüs durağında yaklaşık yarım saattir seni bekliyorum neredesin","ich warte seit etwa einer halben stunde an der bushaltestelle auf dich wo bist du","Zeitdauer -dir","zeit|reise|frage|a2","2","gemini_batch_301_450","1"
"405","Zeit","A1","Kışın burada günler çok kısa, hava çabuk kararıyor.","Im Winter sind die Tage hier sehr kurz, es wird schnell dunkel.","kışın burada günler çok kısa hava çabuk kararıyor","im winter sind die tage hier sehr kurz es wird schnell dunkel","Genitiv für Zeiten","zeit|wetter|a1","1","gemini_batch_301_450","1"
"406","Zeit","A2","Dün akşamki filmi izlerken uyuya kalmışım, sonunu göremedim.","Beim Schauen des gestrigen Films bin ich eingeschlafen, ich konnte das Ende nicht sehen.","dün akşamki filmi izlerken uyuya kalmışım sonunu göremedim","beim schauen des gestrigen films bin ich eingeschlafen ich konnte das ende nicht sehen","Miş-Vergangenheit","zeit|freizeit|a2","3","gemini_batch_301_450","1"
"407","Zeit","A1","Saat on iki buçuk, öğle yemeği zamanı geldi.","Es ist halb eins, es ist Zeit für das Mittagessen.","saat on iki buçuk öğle yemeği zamanı geldi","es ist halb eins es ist zeit für das mittagessen","Uhrzeiten","zeit|essen|a1","1","gemini_batch_301_450","1"
"408","Zeit","A2","Toplantıyı yarına erteleyebilir miyiz, bugün zamanım hiç yok.","Können wir das Meeting auf morgen verschieben, ich habe heute gar keine Zeit.","toplantıyı yarına erteleyebilir miyiz bugün zamanım hiç yok","können wir das meeting auf morgen verschieben ich habe heute gar keine zeit","Möglichkeitsform Frage","zeit|arbeit|frage|a2","2","gemini_batch_301_450","1"
"409","Zeit","A1","Bugün günlerden salı mı yoksa çarşamba mı?","Ist heute Dienstag oder Mittwoch?","bugün günlerden salı mı yoksa çarşamba mı","ist heute dienstag oder mittwoch","Konjunktion yoksa","zeit|frage|a1","1","gemini_batch_301_450","1"
"410","Zeit","A2","Zaman ne kadar da hızlı akıp geçiyor, fark ettin mi?","Wie schnell die Zeit doch vergeht, hast du es bemerkt?","zaman ne kadar da hızlı akıp geçiyor fark ettin mi","wie schnell die zeit doch vergeht hast du es bemerkt","Präteritum Frage","zeit|frage|a2","2","gemini_batch_301_450","1"
"411","Ort","A1","Anahtarlarımı masanın üzerinde bıraktığıma çok eminim.","Ich bin mir sehr sicher, dass ich meine Schlüssel auf dem Tisch gelassen habe.","anahtarlarımı masanın üzerinde bıraktığıma çok eminim","ich bin mir sehr sicher dass ich meine schlüssel auf dem tisch gelassen habe","Lokativ -de/-da","ort|alltag|a1","2","gemini_batch_301_450","1"
"412","Ort","A2","Postane hemen şu köşe başındaki büyük binanın yanında mı?","Befindet sich das Postamt gleich neben dem großen Gebäude an der Ecke dort?","postane hemen şu köşe başındaki büyük binanın yanında mı","befindet sich das postamt gleich neben dem großen gebäude an der ecke dort","Genitiv-Possessiv","ort|reise|frage|a2","2","gemini_batch_301_450","1"
"413","Ort","A1","Kedi kanepenin altına saklandı, onu oradan çıkar.","Die Katze hat sich unter dem Sofa versteckt, hol sie da raus.","kedi kanepenin altına saklandı onu oradan çıkar","die katze hat sich unter dem sofa versteckt hol sie da raus","Dativ -e/-a","ort|alltag|a1","1","gemini_batch_301_450","1"
"414","Ort","A2","Eviniz şehir merkezinde mi yoksa daha çok kırsal bir bölgede mi?","Ist Ihr Haus im Stadtzentrum oder eher in einer ländlichen Gegend?","eviniz şehir merkezinde mi yoksa daha çok kırsal bir bölgede mi","ist ihr haus im stadtzentrum oder eher in einer ländlichen gegend","Lokativ Frage","ort|wohnen|frage|a2","2","gemini_batch_301_450","1"
"415","Ort","A1","Arabayı park edecek gölgelik bir yer bulalım lütfen.","Lass uns bitte einen schattigen Ort finden, um das Auto zu parken.","arabayı park edecek gölgelik bir yer bulalım lütfen","lass uns bitte einen schattigen ort finden um das auto zu parken","Optativ","ort|reise|a1","1","gemini_batch_301_450","1"
"416","Ort","A2","Kütüphane okulumuzun tam karşısında yer alıyor, çok yakın.","Die Bibliothek befindet sich genau gegenüber unserer Schule, sie ist sehr nah.","kütüphane okulumuzun tam karşısında yer alıyor çok yakın","die bibliothek befindet sich genau gegenüber unserer schule sie ist sehr nah","Postposition karşı","ort|schule|a2","2","gemini_batch_301_450","1"
"417","Ort","A1","Bana en yakın eczanenin nerede olduğunu söyler misiniz?","Können Sie mir sagen, wo sich die nächste Apotheke befindet?","bana en yakın eczanenin nerede olduğunu söyler misiniz","können sie mir sagen wo sich die nächste apotheke befindet","Objektsatz -dik","ort|gesundheit|frage|a1","2","gemini_batch_301_450","1"
"418","Ort","A2","Dolabın içindeki eşyaları tamamen boşaltıp temizlememiz gerekiyor.","Wir müssen die Sachen im Schrank komplett ausräumen und putzen.","dolabın içindeki eşyaları tamamen boşaltıp temizlememiz gerekiyor","wir müssen die sachen im schrank komplett ausräumen und putzen","Notwendigkeit gerekiyor","ort|alltag|a2","2","gemini_batch_301_450","1"
"419","Ort","A1","Bizim ofisimiz on ikinci katta, manzarası çok güzel.","Unser Büro ist im zwölften Stock, die Aussicht ist sehr schön.","bizim ofisimiz on ikinci katta manzarası çok güzel","unser büro ist im zwölften stock die aussicht ist sehr schön","Ordnungszahlen","ort|arbeit|a1","1","gemini_batch_301_450","1"
"420","Ort","A2","Şehirdeki bu yeni alışveriş merkezine nasıl gidebilirim acaba?","Wie komme ich eigentlich zu diesem neuen Einkaufszentrum in der Stadt?","şehirdeki bu yeni alışveriş merkezine nasıl gidebilirim acaba","wie komme ich eigentlich zu diesem neuen einkaufszentrum in der stadt","Möglichkeitsform Frage","ort|einkaufen|frage|a2","2","gemini_batch_301_450","1"
"421","Fragen","A1","Bu harika elbiseyi nereden ve ne kadara aldın?","Woher und für wie viel hast du dieses wunderbare Kleid gekauft?","bu harika elbiseyi nereden ve ne kadara aldın","woher und für wie viel hast du dieses wunderbare kleid gekauft","Fragewörter","fragen|einkaufen|frage|a1","1","gemini_batch_301_450","1"
"422","Fragen","A2","Neden beni daha önce arayıp haber vermedin?","Warum hast du mich nicht vorher angerufen und Bescheid gesagt?","neden beni daha önce arayıp haber vermedin","warum hast du mich nicht vorher angerufen und bescheid gesagt","Präteritum Negation","fragen|alltag|frage|a2","2","gemini_batch_301_450","1"
"423","Fragen","A1","Bu akşam yemeğinde ne yiyelim, fikrin var mı?","Was sollen wir heute Abend essen, hast du eine Idee?","bu akşam yemeğinde ne yiyelim fikrin var mı","was sollen wir heute abend essen hast du eine idee","Optativ Frage","fragen|essen|frage|a1","1","gemini_batch_301_450","1"
"424","Fragen","A2","Hangi takımın bu sene şampiyon olacağını düşünüyorsun?","Von welcher Mannschaft glaubst du, dass sie dieses Jahr Meister wird?","hangi takımın bu sene şampiyon olacağını düşünüyorsun","von welcher mannschaft glaubst du dass sie dieses jahr meister wird","Objektsatz -ecek","fragen|freizeit|frage|a2","3","gemini_batch_301_450","1"
"425","Fragen","A1","Bu kelimenin Türkçe anlamı tam olarak nedir acaba?","Was ist eigentlich genau die türkische Bedeutung dieses Wortes?","bu kelimenin türkçe anlamı tam olarak nedir acaba","was ist eigentlich genau die türkische bedeutung dieses wortes","Fragewort ne","fragen|schule|frage|a1","1","gemini_batch_301_450","1"
"426","Fragen","A2","Bunca işin üstesinden tek başına nasıl gelmeyi başarıyorsun?","Wie schaffst du es, all diese Arbeit ganz alleine zu bewältigen?","bunca işin üstesinden tek başına nasıl gelmeyi başarıyorsun","wie schaffst du es all diese arbeit ganz alleine zu bewältigen","Fragewort nasıl","fragen|arbeit|frage|a2","3","gemini_batch_301_450","1"
"427","Fragen","A1","Kardeşin sana bu özel hediyeyi ne zaman verdi?","Wann hat dir dein Bruder dieses besondere Geschenk gegeben?","kardeşin sana bu özel hediyeyi ne zaman verdi","wann hat dir dein bruder dieses besondere geschenk gegeben","Fragewort ne zaman","fragen|familie|frage|a1","1","gemini_batch_301_450","1"
"428","Fragen","A2","Bu zor problemi çözmek için kimden yardım isteyebiliriz?","Wen können wir um Hilfe bitten, um dieses schwierige Problem zu lösen?","bu zor problemi çözmek için kimden yardım isteyebiliriz","wen können wir um hilfe bitten um dieses schwierige problem zu lösen","Fragewort kim","fragen|problem|frage|a2","2","gemini_batch_301_450","1"
"429","Fragen","A1","Çayına kaç tane şeker atmamı istersin, iki mi?","Wie viele Stück Zucker soll ich in deinen Tee werfen, zwei?","çayına kaç tane şeker atmamı istersin iki mi","wie viele stück zucker soll ich in deinen tee werfen zwei","Fragewort kaç","fragen|essen|frage|a1","1","gemini_batch_301_450","1"
"430","Fragen","A2","Benimle bu cumartesi akşamı konsere gelmek ister misin?","Möchtest du diesen Samstagabend mit mir ins Konzert kommen?","benimle bu cumartesi akşamı konsere gelmek ister misin","möchtest du diesen samstagabend mit mir ins konzert kommen","Aorist Frage","fragen|freizeit|frage|a2","2","gemini_batch_301_450","1"
"431","Smalltalk","A1","Hafta sonu havanın güneşli olacağını duydun mu?","Hast du gehört, dass das Wetter am Wochenende sonnig wird?","hafta sonu havanın güneşli olacağını duydun mu","hast du gehört dass das wetter am wochenende sonnig wird","Objektsatz -ecek","smalltalk|wetter|frage|a1","2","gemini_batch_301_450","1"
"432","Smalltalk","A2","Son zamanlarda çok fazla dizi izlemeye başladım, sen de izliyor musun?","In letzter Zeit habe ich angefangen sehr viele Serien zu schauen, schaust du auch?","son zamanlarda çok fazla dizi izlemeye başladım sen de izliyor musun","in letzter zeit habe ich angefangen sehr viele serien zu schauen schaust du auch","Präsens Frage","smalltalk|freizeit|frage|a2","2","gemini_batch_301_450","1"
"433","Smalltalk","A1","Yeni saç kesimin sana çok yakışmış, nerede yaptırdın?","Dein neuer Haarschnitt steht dir sehr gut, wo hast du ihn machen lassen?","yeni saç kesimin sana çok yakışmış nerede yaptırdın","dein neuer haarschnitt steht dir sehr gut wo hast du ihn machen lassen","Miş-Vergangenheit","smalltalk|freunde|frage|a1","2","gemini_batch_301_450","1"
"434","Smalltalk","A2","Çocuklar tatilde çok sıkıldı, onları parka mı götürsek?","Den Kindern war im Urlaub sehr langweilig, sollen wir sie in den Park bringen?","çocuklar tatilde çok sıkıldı onları parka mı götürsek","den kindern war im urlaub sehr langweilig sollen wir sie in den park bringen","Bedingung -se/-sa","smalltalk|familie|frage|a2","2","gemini_batch_301_450","1"
"435","Smalltalk","A1","Bu aralar işler biraz durgun ama yakında açılır.","In letzter Zeit sind die Geschäfte etwas ruhig, aber bald wird es besser.","bu aralar işler biraz durgun ama yakında açılır","in letzter zeit sind die geschäfte etwas ruhig aber bald wird es besser","Aorist","smalltalk|arbeit|a1","2","gemini_batch_301_450","1"
"436","Smalltalk","A2","Uzun zamandır böyle güzel bir kahve içmemiştim, ellerine sağlık.","Ich hatte schon lange nicht mehr so einen guten Kaffee getrunken, Respekt an deine Hände.","uzun zamandır böyle güzel bir kahve içmemiştim ellerine sağlık","ich hatte schon lange nicht mehr so einen guten kaffee getrunken respekt an deine hände","Plusquamperfekt","smalltalk|essen|a2","3","gemini_batch_301_450","1"
"437","Smalltalk","A1","Trafik bu sabah da her zamanki gibi çok kötüydü.","Der Verkehr war heute Morgen wieder wie immer sehr schlecht.","trafik bu sabah da her zamanki gibi çok kötüydü","der verkehr war heute morgen wieder wie immer sehr schlecht","Präteritum (Kopula)","smalltalk|alltag|a1","1","gemini_batch_301_450","1"
"438","Smalltalk","A2","Yeni komşularımız taşındı, sence onlara bir hoş geldin demeli miyiz?","Unsere neuen Nachbarn sind eingezogen, meinst du wir sollten ihnen hallo sagen?","yeni komşularımız taşındı sence onlara bir hoş geldin demeli miyiz","unsere neuen nachbarn sind eingezogen meinst du wir sollten ihnen hallo sagen","Notwendigkeit -meli/-malı","smalltalk|wohnen|frage|a2","2","gemini_batch_301_450","1"
"439","Smalltalk","A1","Geçen gün sokakta eski bir okul arkadaşımı gördüm.","Neulich habe ich auf der Straße einen alten Schulfreund gesehen.","geçen gün sokakta eski bir okul arkadaşımı gördüm","neulich habe ich auf der straße einen alten schulfreund gesehen","Präteritum","smalltalk|freunde|a1","1","gemini_batch_301_450","1"
"440","Smalltalk","A2","Tatilde nereye gideceğinize karar verdiniz mi, planlar hazır mı?","Habt ihr euch entschieden, wohin ihr im Urlaub fahrt, sind die Pläne fertig?","tatilde nereye gideceğinize karar verdiniz mi planlar hazır mı","habt ihr euch entschieden wohin ihr im urlaub fahrt sind die pläne fertig","Präteritum Frage","smalltalk|reise|frage|a2","2","gemini_batch_301_450","1"
"441","Notfall","A1","Yardım edin lütfen, çantamı bir hırsız çaldı!","Helfen Sie mir bitte, ein Dieb hat meine Tasche gestohlen!","yardım edin lütfen çantamı bir hırsız çaldı","helfen sie mir bitte ein dieb hat meine tasche gestohlen","Imperativ","notfall|problem|a1","1","gemini_batch_301_450","1"
"442","Notfall","A2","Binada yangın var, hemen acil çıkış kapılarına yönelin!","Es gibt ein Feuer im Gebäude, begeben Sie sich sofort zu den Notausgängen!","binada yangın var hemen acil çıkış kapılarına yönelin","es gibt ein feuer im gebäude begeben sie sich sofort zu den notausgängen","Imperativ","notfall|gefahr|a2","2","gemini_batch_301_450","1"
"443","Notfall","A1","Burada polis merkezi nerede, adres sorabilir miyim?","Wo ist hier die Polizeiwache, darf ich nach der Adresse fragen?","burada polis merkezi nerede adres sorabilir miyim","wo ist hier die polizeiwache darf ich nach der adresse fragen","Möglichkeitsform Frage","notfall|ort|frage|a1","1","gemini_batch_301_450","1"
"444","Notfall","A2","Arkadaşım aniden bayıldı, lütfen çabuk bir ambulans çağırın!","Mein Freund ist plötzlich in Ohnmacht gefallen, rufen Sie bitte schnell einen Krankenwagen!","arkadaşım aniden bayıldı lütfen çabuk bir ambulans çağırın","mein freund ist plötzlich in ohnmacht gefallen rufen sie bitte schnell einen krankenwagen","Imperativ","notfall|gesundheit|a2","2","gemini_batch_301_450","1"
"445","Notfall","A1","Arabamın lastiği patladı, bana yedek lastik bulabilir misiniz?","Mein Autoreifen ist geplatzt, können Sie mir einen Ersatzreifen finden?","arabamın lastiği patladı bana yedek lastik bulabilir misiniz","mein autoreifen ist geplatzt können sie mir einen ersatzreifen finden","Möglichkeitsform Frage","notfall|reise|frage|a1","2","gemini_batch_301_450","1"
"446","Notfall","A2","Cüzdanımı ve tüm kredi kartlarımı kaybettim, ne yapmalıyım?","Ich habe mein Portemonnaie und alle meine Kreditkarten verloren, was soll ich tun?","cüzdanımı ve tüm kredi kartlarımı kaybettim ne yapmalıyım","ich habe mein portemonnaie und alle meine kreditkarten verloren was soll ich tun","Notwendigkeit -meli/-malı","notfall|problem|frage|a2","2","gemini_batch_301_450","1"
"447","Notfall","A1","Kendimi hiç iyi hissetmiyorum, başım çok fena dönüyor.","Ich fühle mich gar nicht gut, mir ist sehr schwindelig.","kendimi hiç iyi hissetmiyorum başım çok fena dönüyor","ich fühle mich gar nicht gut mir ist sehr schwindelig","Präsens -yor","notfall|gesundheit|a1","1","gemini_batch_301_450","1"
"448","Notfall","A2","Lütfen doktor çağırın, bu adam kalp krizi geçiriyor olabilir!","Rufen Sie bitte einen Arzt, dieser Mann hat möglicherweise einen Herzinfarkt!","lütfen doktor çağırın bu adam kalp krizi geçiriyor olabilir","rufen sie bitte einen arzt dieser mann hat möglicherweise einen herzinfarkt","Möglichkeitsform","notfall|gesundheit|a2","2","gemini_batch_301_450","1"
"449","Notfall","A1","Telefonumun şarjı bitti, sizinkini bir dakika kullanabilir miyim?","Mein Handyakku ist leer, darf ich Ihres für eine Minute benutzen?","telefonumun şarjı bitti sizinkini bir dakika kullanabilir miyim","mein handyakku ist leer darf ich ihres für eine minute benutzen","Möglichkeitsform Frage","notfall|problem|frage|a1","2","gemini_batch_301_450","1"
"450","Notfall","A2","Bileğimi burktum ve üzerine hiç basamıyorum, çok acıyor.","Ich habe mir den Knöchel verstaucht und kann überhaupt nicht darauf treten, es tut sehr weh.","bileğimi burktum ve üzerine hiç basamıyorum çok acıyor","ich habe mir den knöchel verstaucht und kann überhaupt nicht darauf treten es tut sehr weh","Möglichkeitsform Negation","notfall|gesundheit|a2","2","gemini_batch_301_450","1"
"451","Begruessung","A1","Herkese iyi sabahlar, kahvaltıya hazır mısınız?","Guten Morgen allerseits, seid ihr bereit fürs Frühstück?","herkese iyi sabahlar kahvaltıya hazır mısınız","guten morgen allerseits seid ihr bereit fürs frühstück","Fragepartikel mı/mi","begruessung|frage|a1","1","gemini_batch_451_600","1"
"452","Begruessung","A2","Selam, seni tekrar buralarda görmek ne kadar güzel.","Hallo, wie schön, dich hier wieder zu sehen.","selam seni tekrar buralarda görmek ne kadar güzel","hallo wie schön dich hier wieder zu sehen","Infinitiv -mak/-mek","begruessung|freunde|a2","2","gemini_batch_451_600","1"
"453","Begruessung","A2","İyi günler, size bu konuda nasıl yardımcı olabilirim?","Guten Tag, wie kann ich Ihnen in dieser Angelegenheit helfen?","iyi günler size bu konuda nasıl yardımcı olabilirim","guten tag wie kann ich ihnen in dieser angelegenheit helfen","Möglichkeitsform (Abil)","begruessung|frage|a2","2","gemini_batch_451_600","1"
"454","Begruessung","A2","Uzun zamandır sesin çıkmıyordu, her şey yolunda mı?","Man hat lange nichts von dir gehört, ist alles in Ordnung?","uzun zamandır sesin çıkmıyordu her şey yolunda mı","man hat lange nichts von dir gehört ist alles in ordnung","Präsens (Yor)","begruessung|frage|a2","2","gemini_batch_451_600","1"
"455","Begruessung","A1","Hoş geldiniz, eşyalarınızı nereye bırakmak istersiniz?","Willkommen, wo möchten Sie Ihre Sachen abstellen?","hoş geldiniz eşyalarınızı nereye bırakmak istersiniz","willkommen wo möchten sie ihre sachen abstellen","Aorist","begruessung|frage|a1","1","gemini_batch_451_600","1"
"456","Begruessung","A1","Merhaba, bugün hava biraz soğuk değil mi?","Hallo, heute ist das Wetter etwas kalt, nicht wahr?","merhaba bugün hava biraz soğuk değil mi","hallo heute ist das wetter etwas kalt nicht wahr","Bestätigungsfrage değil mi","begruessung|wetter|a1","1","gemini_batch_451_600","1"
"457","Begruessung","A1","Görüşmek üzere, lütfen en kısa zamanda tekrar gel.","Bis bald, bitte komm so schnell wie möglich wieder.","görüşmek üzere lütfen en kısa zamanda tekrar gel","bis bald bitte komm so schnell wie möglich wieder","Imperativ","begruessung|abschied|a1","1","gemini_batch_451_600","1"
"458","Begruessung","A2","İyi akşamlar, umarım toplantınız çok verimli geçmiştir.","Guten Abend, ich hoffe, Ihr Meeting war sehr produktiv.","iyi akşamlar umarım toplantınız çok verimli geçmiştir","guten abend ich hoffe ihr meeting war sehr produktiv","Miş-Vergangenheit","begruessung|arbeit|a2","2","gemini_batch_451_600","1"
"459","Begruessung","A1","Tekrar merhaba, unuttuğum bir şeyi sormak için geldim.","Hallo nochmal, ich bin gekommen, um etwas Vergessenes zu fragen.","tekrar merhaba unuttuğum bir şeyi sormak için geldim","hallo nochmal ich bin gekommen um etwas vergessenes zu fragen","Postposition için","begruessung|a1","1","gemini_batch_451_600","1"
"460","Begruessung","A2","Hoşça kal, yolculuk boyunca dikkatli olmayı unutma.","Auf Wiedersehen, vergiss nicht, während der ganzen Reise vorsichtig zu sein.","hoşça kal yolculuk boyunca dikkatli olmayı unutma","auf wiedersehen vergiss nicht während der ganzen reise vorsichtig zu sein","Negativer Imperativ","begruessung|reise|a2","2","gemini_batch_451_600","1"
"461","Vorstellung","A1","Benim adım Hasan, aslen İzmirliyim ama burada yaşıyorum.","Mein Name ist Hasan, ich bin eigentlich aus Izmir, lebe aber hier.","benim adım hasan aslen izmirliyim ama burada yaşıyorum","mein name ist hasan ich bin eigentlich aus izmir lebe aber hier","Präsens (Yor)","vorstellung|ort|a1","1","gemini_batch_451_600","1"
"462","Vorstellung","A2","Siz tam olarak hangi sektörde çalışıyorsunuz?","In welcher Branche arbeiten Sie genau?","siz tam olarak hangi sektörde çalışıyorsunuz","in welcher branche arbeiten sie genau","Lokativ -de/-da","vorstellung|arbeit|frage|a2","2","gemini_batch_451_600","1"
"463","Vorstellung","A1","Ben bir lisede tarih öğretmeni olarak görev yapıyorum.","Ich arbeite als Geschichtslehrer an einem Gymnasium.","ben bir lisede tarih öğretmeni olarak görev yapıyorum","ich arbeite als geschichtslehrer an einem gymnasium","Präsens (Yor)","vorstellung|schule|a1","1","gemini_batch_451_600","1"
"464","Vorstellung","A2","Yeni komşumuzla tanıştın mı, o nereli biliyor musun?","Hast du unseren neuen Nachbarn kennengelernt, weißt du, woher er kommt?","yeni komşumuzla tanıştın mı o nereli biliyor musun","hast du unseren neuen nachbarn kennengelernt weißt du woher er kommt","Präteritum Frage","vorstellung|nachbarn|frage|a2","2","gemini_batch_451_600","1"
"465","Vorstellung","A2","Hobilerim arasında doğa yürüyüşü yapmak ve fotoğraf çekmek var.","Zu meinen Hobbys gehören Wandern in der Natur und Fotografieren.","hobilerim arasında doğa yürüyüşü yapmak ve fotoğraf çekmek var","zu meinen hobbys gehören wandern in der natur und fotografieren","Infinitiv -mak/-mek","vorstellung|hobby|a2","2","gemini_batch_451_600","1"
"466","Vorstellung","A1","Kaç kardeşsiniz, aileniz nerede ikamet ediyor?","Wie viele Geschwister seid ihr, wo wohnt eure Familie?","kaç kardeşsiniz aileniz nerede ikamet ediyor","wie viele geschwister seid ihr wo wohnt eure familie","Fragewort nerede","vorstellung|familie|frage|a1","1","gemini_batch_451_600","1"
"467","Vorstellung","A1","Ben evliyim ve iki tane çok tatlı çocuğum var.","Ich bin verheiratet und habe zwei sehr süße Kinder.","ben evliyim ve iki tane çok tatlı çocuğum var","ich bin verheiratet und habe zwei sehr süße kinder","Besitz (Var)","vorstellung|familie|a1","1","gemini_batch_451_600","1"
"468","Vorstellung","A2","Üniversiteden mezun olduktan sonra ne yapmayı düşünüyorsun?","Was hast du vor, nachdem du deinen Universitätsabschluss gemacht hast?","üniversiteden mezun olduktan sonra ne yapmayı düşünüyorsun","was hast du vor nachdem du deinen universitätsabschluss gemacht hast","Ablativ + sonra","vorstellung|schule|frage|a2","2","gemini_batch_451_600","1"
"469","Vorstellung","A1","Kendisi benim en yakın arkadaşım, ismi Zeynep.","Sie ist meine engste Freundin, ihr Name ist Zeynep.","kendisi benim en yakın arkadaşım ismi zeynep","sie ist meine engste freundin ihr name ist zeynep","Superlativ en","vorstellung|freunde|a1","1","gemini_batch_451_600","1"
"470","Vorstellung","A2","Türkiye'de yaşamaya ne zaman ve nasıl karar verdiniz?","Wann und wie haben Sie sich entschieden, in der Türkei zu leben?","türkiyede yaşamaya ne zaman ve nasıl karar verdiniz","wann und wie haben sie sich entschieden in der türkei zu leben","Präteritum","vorstellung|reise|frage|a2","2","gemini_batch_451_600","1"
"471","Alltag","A1","Sabahları uyanır uyanmaz ilk işim yüzümü yıkamaktır.","Wenn ich morgens aufwache, wasche ich mir als Erstes das Gesicht.","sabahları uyanır uyanmaz ilk işim yüzümü yıkamaktır","wenn ich morgens aufwache wasche ich mir als erstes das gesicht","Kopula -tir","alltag|routine|a1","2","gemini_batch_451_600","1"
"472","Alltag","A2","Akşamları televizyon izlemek yerine genellikle kitap okur musun?","Liest du abends normalerweise Bücher anstatt fernzusehen?","akşamları televizyon izlemek yerine genellikle kitap okur musun","liest du abends normalerweise bücher anstatt fernzusehen","Aorist Frage","alltag|hobby|frage|a2","2","gemini_batch_451_600","1"
"473","Alltag","A2","Hafta sonu evi temizlemem ve alışveriş yapmam gerekiyor.","Am Wochenende muss ich das Haus putzen und einkaufen.","hafta sonu evi temizlemem ve alışveriş yapmam gerekiyor","am wochenende muss ich das haus putzen und einkaufen","Notwendigkeit gerekiyor","alltag|haushalt|a2","2","gemini_batch_451_600","1"
"474","Alltag","A1","Bugün hava çok rüzgarlı, balkondaki çamaşırları topladın mı?","Heute ist es sehr windig, hast du die Wäsche auf dem Balkon abgenommen?","bugün hava çok rüzgarlı balkondaki çamaşırları topladın mı","heute ist es sehr windig hast du die wäsche auf dem balkon abgenommen","Präteritum Frage","alltag|wetter|frage|a1","1","gemini_batch_451_600","1"
"475","Alltag","A2","İşten çıkınca direkt eve mi yoksa spora mı gideceksin?","Gehst du nach der Arbeit direkt nach Hause oder zum Sport?","işten çıkınca direkt eve mi yoksa spora mı gideceksin","gehst du nach der arbeit direkt nach hause oder zum sport","Konjunktion yoksa","alltag|freizeit|frage|a2","2","gemini_batch_451_600","1"
"476","Alltag","A1","Kahvemi her zaman şekersiz ve bol sütlü tercih ederim.","Ich bevorzuge meinen Kaffee immer ohne Zucker und mit viel Milch.","kahvemi her zaman şekersiz ve bol sütlü tercih ederim","ich bevorzuge meinen kaffee immer ohne zucker und mit viel milch","Adjektivableitung -siz/-li","alltag|essen|a1","1","gemini_batch_451_600","1"
"477","Alltag","A2","Günde en az iki litre su içmeye dikkat ediyor musun?","Achtest du darauf, mindestens zwei Liter Wasser am Tag zu trinken?","günde en az iki litre su içmeye dikkat ediyor musun","achtest du darauf mindestens zwei liter wasser am tag zu trinken","Präsens Frage","alltag|gesundheit|frage|a2","2","gemini_batch_451_600","1"
"478","Alltag","A1","Köpeği yürüyüşe çıkarmak senin mi yoksa benim mi görevim?","Ist es deine oder meine Aufgabe, mit dem Hund spazieren zu gehen?","köpeği yürüyüşe çıkarmak senin mi yoksa benim mi görevim","ist es deine oder meine aufgabe mit dem hund spazieren zu gehen","Genitivpronomen","alltag|haushalt|frage|a1","1","gemini_batch_451_600","1"
"479","Alltag","A2","Boş zamanlarımda yeni yemek tarifleri denemeyi çok severim.","In meiner Freizeit probiere ich sehr gerne neue Kochrezepte aus.","boş zamanlarımda yeni yemek tarifleri denemeyi çok severim","in meiner freizeit probiere ich sehr gerne neue kochrezepte aus","Aorist","alltag|hobby|a2","2","gemini_batch_451_600","1"
"480","Alltag","A2","Yarın akşamki yemeğe kimleri davet etmeyi düşünüyorsun?","Wen gedenkst du zum morgigen Abendessen einzuladen?","yarın akşamki yemeğe kimleri davet etmeyi düşünüyorsun","wen gedenkst du zum morgigen abendessen einzuladen","Präsens (Yor)","alltag|freunde|frage|a2","2","gemini_batch_451_600","1"
"481","Einkaufen","A1","Bu kazağın mavi rengi veya başka bir bedeni var mı?","Gibt es diesen Pullover in Blau oder in einer anderen Größe?","bu kazağın mavi rengi veya başka bir bedeni var mı","gibt es diesen pullover in blau oder in einer anderen größe","Var/Yok","einkaufen|kleidung|frage|a1","1","gemini_batch_451_600","1"
"482","Einkaufen","A2","Kredi kartım yanımda değil, nakit ödeme yapabilir miyim?","Ich habe meine Kreditkarte nicht dabei, kann ich bar bezahlen?","kredi kartım yanımda değil nakit ödeme yapabilir miyim","ich habe meine kreditkarte nicht dabei kann ich bar bezahlen","Möglichkeitsform Frage","einkaufen|geld|frage|a2","2","gemini_batch_451_600","1"
"483","Einkaufen","A2","Markette süt kalmamış, başka bir yere bakmamız gerekecek.","Im Markt ist keine Milch mehr da, wir werden woanders schauen müssen.","markette süt kalmamış başka bir yere bakmamız gerekecek","im markt ist keine milch mehr da wir werden woanders schauen müssen","Miş-Vergangenheit","einkaufen|essen|a2","2","gemini_batch_451_600","1"
"484","Einkaufen","A1","Bu ayakkabılar çok rahat ama fiyatı biraz fazla yüksek.","Diese Schuhe sind sehr bequem, aber der Preis ist etwas zu hoch.","bu ayakkabılar çok rahat ama fiyatı biraz fazla yüksek","diese schuhe sind sehr bequem aber der preis ist etwas zu hoch","Konjunktion ama","einkaufen|kleidung|a1","1","gemini_batch_451_600","1"
"485","Einkaufen","A1","Sebze reyonu nerede, taze domates almak istiyorum.","Wo ist die Gemüseabteilung, ich möchte frische Tomaten kaufen.","sebze reyonu nerede taze domates almak istiyorum","wo ist die gemüseabteilung ich möchte frische tomaten kaufen","Fragewort nerede","einkaufen|essen|a1","1","gemini_batch_451_600","1"
"486","Einkaufen","A2","Ürünlerin üzerinde etiket yok, fiyatlarını nasıl öğrenebilirim?","Auf den Produkten ist kein Etikett, wie kann ich ihre Preise erfahren?","ürünlerin üzerinde etiket yok fiyatlarını nasıl öğrenebilirim","auf den produkten ist kein etikett wie kann ich ihre preise erfahren","Möglichkeitsform Frage","einkaufen|geld|frage|a2","2","gemini_batch_451_600","1"
"487","Einkaufen","A2","Kasada bekleyen çok kişi var, neden diğer kasayı açmıyorlar?","Es warten viele Leute an der Kasse, warum machen sie die andere Kasse nicht auf?","kasada bekleyen çok kişi var neden diğer kasayı açmıyorlar","es warten viele leute an der kasse warum machen sie die andere kasse nicht auf","Präsens Negation","einkaufen|problem|frage|a2","2","gemini_batch_451_600","1"
"488","Einkaufen","A2","Aldığım bu ceketi fişiyle birlikte yarın değiştirebilir miyim?","Kann ich diese Jacke, die ich gekauft habe, morgen mit dem Kassenbon umtauschen?","aldığım bu ceketi fişiyle birlikte yarın değiştirebilir miyim","kann ich diese jacke die ich gekauft habe morgen mit dem kassenbon umtauschen","Möglichkeitsform Frage","einkaufen|kleidung|frage|a2","2","gemini_batch_451_600","1"
"489","Einkaufen","A1","Pazardan aldığımız meyveler gerçekten çok taze ve lezzetli.","Das Obst, das wir auf dem Markt gekauft haben, ist wirklich sehr frisch und lecker.","pazardan aldığımız meyveler gerçekten çok taze ve lezzetli","das obst das wir auf dem markt gekauft haben ist wirklich sehr frisch und lecker","Adjektive","einkaufen|essen|a1","1","gemini_batch_451_600","1"
"490","Einkaufen","A1","Poşet için ekstra ücret ödememiz gerekiyor mu acaba?","Müssen wir eigentlich eine zusätzliche Gebühr für die Tüte bezahlen?","poşet için ekstra ücret ödememiz gerekiyor mu acaba","müssen wir eigentlich eine zusätzliche gebühr für die tüte bezahlen","Notwendigkeit gerekiyor","einkaufen|geld|frage|a1","2","gemini_batch_451_600","1"
"491","Restaurant","A1","Siparişlerimizi almak için menüyü masamıza bırakabilir misiniz?","Können Sie die Speisekarte an unserem Tisch lassen, um unsere Bestellungen aufzunehmen?","siparişlerimizi almak için menüyü masamıza bırakabilir misiniz","können sie die speisekarte an unserem tisch lassen um unsere bestellungen aufzunehmen","Möglichkeitsform Frage","restaurant|essen|frage|a1","1","gemini_batch_451_600","1"
"492","Restaurant","A2","Yemekte soğan olmasın lütfen, çünkü soğana alerjim var.","Bitte keine Zwiebeln im Essen, weil ich eine Allergie gegen Zwiebeln habe.","yemekte soğan olmasın lütfen çünkü soğana alerjim var","bitte keine zwiebeln im essen weil ich eine allergie gegen zwiebeln habe","Optativ Negation","restaurant|gesundheit|a2","2","gemini_batch_451_600","1"
"493","Restaurant","A1","Bu akşam yemeğinde bana eşlik etmek ister misin?","Möchtest du mich bei diesem Abendessen begleiten?","bu akşam yemeğinde bana eşlik etmek ister misin","möchtest du mich bei diesem abendessen begleiten","Aorist Frage","restaurant|freunde|frage|a1","1","gemini_batch_451_600","1"
"494","Restaurant","A2","Hesabı ikiye bölmemiz ve ayrı ayrı ödememiz mümkün mü?","Ist es möglich, dass wir die Rechnung teilen und getrennt bezahlen?","hesabı ikiye bölmemiz ve ayrı ayrı ödememiz mümkün mü","ist es möglich dass wir die rechnung teilen und getrennt bezahlen","Infinitiv mit Possessiv","restaurant|geld|frage|a2","3","gemini_batch_451_600","1"
"495","Restaurant","A2","Şefin bugünkü özel spesiyali tam olarak nedir acaba?","Was genau ist eigentlich die heutige Spezialität des Küchenchefs?","şefin bugünkü özel spesiyali tam olarak nedir acaba","was genau ist eigentlich die heutige spezialität des küchenchefs","Genitiv","restaurant|essen|frage|a2","2","gemini_batch_451_600","1"
"496","Restaurant","A1","Çocuklar için ayrı bir çocuk menünüz bulunuyor mu?","Haben Sie ein separates Kindermenü für Kinder?","çocuklar için ayrı bir çocuk menünüz bulunuyor mu","haben sie ein separates kindermenü für kinder","Präsens Frage","restaurant|familie|frage|a1","1","gemini_batch_451_600","1"
"497","Restaurant","A1","Yemekler harikaydı, bahşişi doğrudan masaya bırakıyorum.","Das Essen war großartig, ich lasse das Trinkgeld direkt auf dem Tisch.","yemekler harikaydı bahşişi doğrudan masaya bırakıyorum","das essen war großartig ich lasse das trinkgeld direkt auf dem tisch","Präsens (Yor)","restaurant|geld|a1","1","gemini_batch_451_600","1"
"498","Restaurant","A2","Acılı ezme çok lezzetli ama biraz fazla acı olmuş.","Die scharfe Paste ist sehr lecker, aber sie ist ein bisschen zu scharf geworden.","acılı ezme çok lezzetli ama biraz fazla acı olmuş","die scharfe paste ist sehr lecker aber sie ist ein bisschen zu scharf geworden","Miş-Vergangenheit","restaurant|essen|a2","2","gemini_batch_451_600","1"
"499","Restaurant","A1","Bize iki porsiyon döner ve bir sürahi ayran getirin.","Bringen Sie uns zwei Portionen Döner und einen Krug Ayran.","bize iki porsiyon döner ve bir sürahi ayran getirin","bringen sie uns zwei portionen döner und einen krug ayran","Imperativ","restaurant|essen|a1","1","gemini_batch_451_600","1"
"500","Restaurant","A2","Tatlı siparişi vermeden önce biraz dinlenmek istiyoruz, uygun mu?","Wir möchten uns ein wenig ausruhen, bevor wir Dessert bestellen, ist das in Ordnung?","tatlı siparişi vermeden önce biraz dinlenmek istiyoruz uygun mu","wir möchten uns ein wenig ausruhen bevor wir dessert bestellen ist das in ordnung","Ablativ + önce","restaurant|essen|frage|a2","2","gemini_batch_451_600","1"
"501","Reisen","A2","Uçağımız rötarlı kalkacakmış, bu durumu yetkililere sordun mu?","Unser Flug soll verspätet abfliegen, hast du die Behörden nach dieser Situation gefragt?","uçağımız rötarlı kalkacakmış bu durumu yetkililere sordun mu","unser flug soll verspätet abfliegen hast du die behörden nach dieser situation gefragt","Miş-Vergangenheit","reisen|problem|frage|a2","3","gemini_batch_451_600","1"
"502","Reisen","A1","Pasaportumu ve uçak biletimi çantamın içine güvenle koydum.","Ich habe meinen Reisepass und mein Flugticket sicher in meine Tasche gelegt.","pasaportumu ve uçak biletimi çantamın içine güvenle koydum","ich habe meinen reisepass und mein flugticket sicher in meine tasche gelegt","Akkusativ -i/-ı","reisen|dokumente|a1","1","gemini_batch_451_600","1"
"503","Reisen","A2","Otele ulaşmak için havalimanından araç kiralamayı mı düşünüyorsun?","Denkst du daran, am Flughafen ein Auto zu mieten, um zum Hotel zu gelangen?","otele ulaşmak için havalimanından araç kiralamayı mı düşünüyorsun","denkst du daran am flughafen ein auto zu mieten um zum hotel zu gelangen","Präsens Frage","reisen|frage|a2","2","gemini_batch_451_600","1"
"504","Reisen","A2","Müzeyi ziyaret etmek için giriş biletlerini önceden almalıyız.","Wir müssen die Eintrittskarten im Voraus kaufen, um das Museum zu besuchen.","müzeyi ziyaret etmek için giriş biletlerini önceden almalıyız","wir müssen die eintrittskarten im voraus kaufen um das museum zu besuchen","Notwendigkeit -meli/-malı","reisen|freizeit|a2","2","gemini_batch_451_600","1"
"505","Reisen","A2","Bu şehirdeki en tarihi turistik yerleri bana sayabilir misiniz?","Können Sie mir die historischsten Touristenorte in dieser Stadt aufzählen?","bu şehirdeki en tarihi turistik yerleri bana sayabilir misiniz","können sie mir die historischsten touristenorte in dieser stadt aufzählen","Möglichkeitsform Frage","reisen|ort|frage|a2","2","gemini_batch_451_600","1"
"506","Reisen","A1","Yolculuk boyunca otobüste kitap okumayı ve müzik dinlemeyi severim.","Ich lese gerne Bücher und höre Musik im Bus während der Fahrt.","yolculuk boyunca otobüste kitap okumayı ve müzik dinlemeyi severim","ich lese gerne bücher und höre musik im bus während der fahrt","Aorist","reisen|hobby|a1","1","gemini_batch_451_600","1"
"507","Reisen","A1","Tatilde deniz kenarında huzurlu bir kamp yapmayı planlıyoruz.","Wir planen, im Urlaub ein friedliches Camp am Meer zu machen.","tatilde deniz kenarında huzurlu bir kamp yapmayı planlıyoruz","wir planen im urlaub ein friedliches camp am meer zu machen","Präsens (Yor)","reisen|freizeit|a1","1","gemini_batch_451_600","1"
"508","Reisen","A2","Valizimi yanlışlıkla başka bir yolcu almış olabilir mi?","Könnte es sein, dass ein anderer Passagier versehentlich meinen Koffer genommen hat?","valizimi yanlışlıkla başka bir yolcu almış olabilir mi","könnte es sein dass ein anderer passagier versehentlich meinen koffer genommen hat","Möglichkeitsform Frage","reisen|problem|frage|a2","3","gemini_batch_451_600","1"
"509","Reisen","A1","Buradan tren garına yürüyerek gitmek yaklaşık yirmi dakika sürer.","Von hier aus dauert es etwa zwanzig Minuten, um zu Fuß zum Bahnhof zu gehen.","buradan tren garına yürüyerek gitmek yaklaşık yirmi dakika sürer","von hier aus dauert es etwa zwanzig minuten um zu fuß zum bahnhof zu gehen","Aorist","reisen|zeit|a1","2","gemini_batch_451_600","1"
"510","Reisen","A2","Gemi turu için yer ayırttınız mı yoksa henüz erken mi?","Haben Sie einen Platz für die Schiffstour reserviert oder ist es noch zu früh?","gemi turu için yer ayırttınız mı yoksa henüz erken mi","haben sie einen platz für die schiffstour reserviert oder ist es noch zu früh","Konjunktion yoksa","reisen|zeit|frage|a2","2","gemini_batch_451_600","1"
"511","Arbeit","A1","Patron bugün yapılacak olan önemli toplantıyı yarına erteledi.","Der Chef hat das wichtige Treffen, das heute stattfinden sollte, auf morgen verschoben.","patron bugün yapılacak olan önemli toplantıyı yarına erteledi","der chef hat das wichtige treffen das heute stattfinden sollte auf morgen verschoben","Präteritum","arbeit|zeit|a1","2","gemini_batch_451_600","1"
"512","Arbeit","A2","Maaş bordromu muhasebe departmanından ne zaman teslim alabilirim?","Wann kann ich meine Gehaltsabrechnung von der Buchhaltung abholen?","maaş bordromu muhasebe departmanından ne zaman teslim alabilirim","wann kann ich meine gehaltsabrechnung von der buchhaltung abholen","Möglichkeitsform Frage","arbeit|geld|frage|a2","2","gemini_batch_451_600","1"
"513","Arbeit","A1","Yeni projemizin detaylarını sizinle paylaşmak için sabırsızlanıyorum.","Ich kann es kaum erwarten, die Details unseres neuen Projekts mit Ihnen zu teilen.","yeni projemizin detaylarını sizinle paylaşmak için sabırsızlanıyorum","ich kann es kaum erwarten die details unseres neuen projekts mit ihnen zu teilen","Postposition için","arbeit|a1","1","gemini_batch_451_600","1"
"514","Arbeit","A2","Bugün iş yerinde çok fazla stres ve yoğunluk yaşadım.","Heute habe ich am Arbeitsplatz sehr viel Stress und Arbeitsaufkommen erlebt.","bugün iş yerinde çok fazla stres ve yoğunluk yaşadım","heute habe ich am arbeitsplatz sehr viel stress und arbeitsaufkommen erlebt","Präteritum","arbeit|alltag|a2","2","gemini_batch_451_600","1"
"515","Arbeit","A2","Yıllık iznimi önümüzdeki ay kullanmam için bir engel var mı?","Gibt es ein Hindernis dafür, dass ich meinen Jahresurlaub im nächsten Monat nehme?","yıllık iznimi önümüzdeki ay kullanmam için bir engel var mı","gibt es ein hindernis dafür dass ich meinen jahresurlaub im nächsten monat nehme","Var/Yok","arbeit|zeit|frage|a2","3","gemini_batch_451_600","1"
"516","Arbeit","A2","Mesai arkadaşlarımla aramızdaki iletişim oldukça saygılı ve güçlü.","Die Kommunikation zwischen mir und meinen Kollegen ist sehr respektvoll und stark.","mesai arkadaşlarımla aramızdaki iletişim oldukça saygılı ve güçlü","die kommunikation zwischen mir und meinen kollegen ist sehr respektvoll und stark","Kopula","arbeit|freunde|a2","2","gemini_batch_451_600","1"
"517","Arbeit","A1","Bilgisayarıma yeni kurulan programı nasıl kullanacağımı henüz bilmiyorum.","Ich weiß noch nicht, wie ich das neu installierte Programm auf meinem Computer verwenden soll.","bilgisayarıma yeni kurulan programı nasıl kullanacağımı henüz bilmiyorum","ich weiß noch nicht wie ich das neu installierte programm auf meinem computer verwenden soll","Objektsatz -ecek","arbeit|technik|a1","3","gemini_batch_451_600","1"
"518","Arbeit","A2","Müşterilerden gelen şikayet e-postalarına kim cevap verecek?","Wer wird auf die Beschwerde-E-Mails der Kunden antworten?","müşterilerden gelen şikayet e-postalarına kim cevap verecek","wer wird auf die beschwerde-e-mails der kunden antworten","Futur Frage","arbeit|problem|frage|a2","2","gemini_batch_451_600","1"
"519","Arbeit","A2","İş görüşmesinde önceki tecrübelerim hakkında sorular sordular mı?","Haben sie im Vorstellungsgespräch Fragen zu meinen bisherigen Erfahrungen gestellt?","iş görüşmesinde önceki tecrübelerim hakkında sorular sordular mı","haben sie im vorstellungsgespräch fragen zu meinen bisherigen erfahrungen gestellt","Präteritum Frage","arbeit|frage|a2","2","gemini_batch_451_600","1"
"520","Arbeit","A1","Öğle arasında yemeğe çıkalım mı yoksa ofiste mi yiyelim?","Sollen wir in der Mittagspause essen gehen oder sollen wir im Büro essen?","öğle arasında yemeğe çıkalım mı yoksa ofiste mi yiyelim","sollen wir in der mittagspause essen gehen oder sollen wir im büro essen","Optativ Frage","arbeit|essen|frage|a1","1","gemini_batch_451_600","1"
"521","Schule","A1","Yarınki kimya sınavı için yeterince hazırlık yaptın mı?","Hast du dich ausreichend auf die morgige Chemieprüfung vorbereitet?","yarınki kimya sınavı için yeterince hazırlık yaptın mı","hast du dich ausreichend auf die morgige chemieprüfung vorbereitet","Präteritum Frage","schule|frage|a1","1","gemini_batch_451_600","1"
"522","Schule","A2","Sınıftaki arka sıralarda oturduğum için tahtayı tam göremiyorum.","Weil ich in den hinteren Reihen im Klassenzimmer sitze, kann ich die Tafel nicht ganz sehen.","sınıftaki arka sıralarda oturduğum için tahtayı tam göremiyorum","weil ich in den hinteren reihen im klassenzimmer sitze kann ich die tafel nicht ganz sehen","Postposition için (weil)","schule|ort|a2","3","gemini_batch_451_600","1"
"523","Schule","A1","Öğretmenimizin verdiği proje ödevini bu hafta sonu bitirmem lazım.","Ich muss die Projekthausaufgabe, die unser Lehrer gegeben hat, dieses Wochenende beenden.","öğretmenimizin verdiği proje ödevini bu hafta sonu bitirmem lazım","ich muss die projekthausaufgabe die unser lehrer gegeben hat dieses wochenende beenden","Notwendigkeit lazım","schule|zeit|a1","2","gemini_batch_451_600","1"
"524","Schule","A2","Kütüphaneden aldığım kitapların iade tarihi ne zaman doluyor?","Wann läuft das Rückgabedatum der Bücher ab, die ich aus der Bibliothek ausgeliehen habe?","kütüphaneden aldığım kitapların iade tarihi ne zaman doluyor","wann läuft das rückgabedatum der bücher ab die ich aus der bibliothek ausgeliehen habe","Präsens Frage","schule|zeit|frage|a2","2","gemini_batch_451_600","1"
"525","Schule","A1","En sevdiğim ders fizik çünkü deney yapmayı çok seviyorum.","Mein Lieblingsfach ist Physik, weil ich es sehr mag, Experimente zu machen.","en sevdiğim ders fizik çünkü deney yapmayı çok seviyorum","mein lieblingsfach ist physik weil ich es sehr mag experimente zu machen","Konjunktion çünkü","schule|hobby|a1","1","gemini_batch_451_600","1"
"526","Schule","A2","Sınav sonuçları açıklandıktan sonra notunu bana da söyler misin?","Würdest du mir deine Note auch sagen, nachdem die Prüfungsergebnisse bekannt gegeben wurden?","sınav sonuçları açıklandıktan sonra notunu bana da söyler misin","würdest du mir deine note auch sagen nachdem die prüfungsergebnisse bekannt gegeben wurden","Ablativ + sonra","schule|frage|a2","2","gemini_batch_451_600","1"
"527","Schule","A2","Üniversitedeki kampüs hayatı lisedekinden çok daha eğlenceli ve özgür.","Das Campusleben an der Universität ist viel lustiger und freier als auf dem Gymnasium.","üniversitedeki kampüs hayatı lisedekinden çok daha eğlenceli ve özgür","das campusleben an der universität ist viel lustiger und freier als auf dem gymnasium","Komparativ","schule|alltag|a2","2","gemini_batch_451_600","1"
"528","Schule","A1","Mezuniyet töreni için ne tür bir kıyafet almayı düşünüyorsun?","Was für ein Outfit gedenkst du für die Abschlussfeier zu kaufen?","mezuniyet töreni için ne tür bir kıyafet almayı düşünüyorsun","was für ein outfit gedenkst du für die abschlussfeier zu kaufen","Präsens Frage","schule|kleidung|frage|a1","1","gemini_batch_451_600","1"
"529","Schule","A2","Yabancı dil öğrenmek bana farklı kültürleri tanıma fırsatı veriyor.","Eine Fremdsprache zu lernen gibt mir die Möglichkeit, verschiedene Kulturen kennenzulernen.","yabancı dil öğrenmek bana farklı kültürleri tanıma fırsatı veriyor","eine fremdsprache zu lernen gibt mir die möglichkeit verschiedene kulturen kennenzulernen","Infinitiv -mak/-mek","schule|a2","2","gemini_batch_451_600","1"
"530","Schule","A1","Öğle tenefüsünde bahçede arkadaşlarımla sohbet etmekten keyif alırım.","Ich genieße es, in der Mittagspause im Garten mit meinen Freunden zu plaudern.","öğle tenefüsünde bahçede arkadaşlarımla sohbet etmekten keyif alırım","ich genieße es in der mittagspause im garten mit meinen freunden zu plaudern","Ablativ -den/-dan","schule|freunde|a1","1","gemini_batch_451_600","1"
"531","Familie","A1","Babam her pazar sabahı ailemiz için harika krep yapar.","Mein Vater macht jeden Sonntagmorgen wunderbare Crêpes für unsere Familie.","babam her pazar sabahı ailemiz için harika krep yapar","mein vater macht jeden sonntagmorgen wunderbare crêpes für unsere familie","Aorist","familie|essen|a1","1","gemini_batch_451_600","1"
"532","Familie","A1","Senin erkek kardeşin şu anda üniversitede mi okuyor?","Studiert dein jüngerer Bruder gerade an der Universität?","senin erkek kardeşin şu anda üniversitede mi okuyor","studiert dein jüngerer bruder gerade an der universität","Präsens Frage","familie|schule|frage|a1","1","gemini_batch_451_600","1"
"533","Familie","A2","Dedem ve ninem köydeki eski ahşap bir evde yaşıyorlar.","Mein Opa und meine Oma leben in einem alten Holzhaus im Dorf.","dedem ve ninem köydeki eski ahşap bir evde yaşıyorlar","mein opa und meine oma leben in einem alten holzhaus im dorf","Lokativ -de/-da","familie|ort|a2","2","gemini_batch_451_600","1"
"534","Familie","A2","Teyzemin kızı önümüzdeki yaz görkemli bir düğünle evleniyor.","Die Tochter meiner Tante heiratet nächsten Sommer mit einer prachtvollen Hochzeit.","teyzemin kızı önümüzdeki yaz görkemli bir düğünle evleniyor","die tochter meiner tante heiratet nächsten sommer mit einer prachtvollen hochzeit","Instrumental ile","familie|zeit|a2","2","gemini_batch_451_600","1"
"535","Familie","A1","Akşam yemeğinde bütün aile aynı masanın etrafında toplanırız.","Beim Abendessen versammeln wir uns als ganze Familie um denselben Tisch.","akşam yemeğinde bütün aile aynı masanın etrafında toplanırız","beim abendessen versammeln wir uns als ganze familie um denselben tisch","Aorist","familie|essen|a1","1","gemini_batch_451_600","1"
"536","Familie","A2","Ailenin en küçük çocuğu olmak sence nasıl bir duygu?","Wie fühlt es sich deiner Meinung nach an, das jüngste Kind der Familie zu sein?","ailenin en küçük çocuğu olmak sence nasıl bir duygu","wie fühlt es sich deiner meinung nach an das jüngste kind der familie zu sein","Superlativ en","familie|frage|a2","2","gemini_batch_451_600","1"
"537","Familie","A1","Anneler Günü için ona güzel bir çiçek demeti aldım.","Zum Muttertag habe ich ihr einen schönen Blumenstrauß gekauft.","anneler günü için ona güzel bir çiçek demeti aldım","zum muttertag habe ich ihr einen schönen blumenstrauß gekauft","Präteritum","familie|einkaufen|a1","1","gemini_batch_451_600","1"
"538","Familie","A2","Eşinle ev işlerini adil bir şekilde bölüşüyor musunuz?","Teilst du dir die Hausarbeiten fair mit deinem Partner?","eşinle ev işlerini adil bir şekilde bölüşüyor musunuz","teilst du dir die hausarbeiten fair mit deinem partner","Präsens Frage","familie|haushalt|frage|a2","2","gemini_batch_451_600","1"
"539","Familie","A2","Kardeşimle küçükken oynadığımız oyunları ara sıra özlemle hatırlıyorum.","Ich erinnere mich manchmal sehnsüchtig an die Spiele, die wir als Kinder mit meinem Bruder gespielt haben.","kardeşimle küçükken oynadığımız oyunları ara sıra özlemle hatırlıyorum","ich erinnere mich manchmal sehnsüchtig an die spiele die wir als kinder mit meinem bruder gespielt haben","Relativsatz -dik","familie|freizeit|a2","3","gemini_batch_451_600","1"
"540","Familie","A1","Bayram tatilinde uzak akrabalarımızı ziyarete gitmeyi düşünüyor muyuz?","Denken wir daran, in den Feiertagsferien unsere entfernten Verwandten besuchen zu gehen?","bayram tatilinde uzak akrabalarımızı ziyarete gitmeyi düşünüyor muyuz","denken wir daran in den feiertagsferien unsere entfernten verwandten besuchen zu gehen","Präsens Frage","familie|reise|frage|a1","1","gemini_batch_451_600","1"
"541","Gesundheit","A1","Dün akşamdan beri boğazım çok fena şekilde ağrıyor.","Seit gestern Abend tut mein Hals sehr schlimm weh.","dün akşamdan beri boğazım çok fena şekilde ağrıyor","seit gestern abend tut mein hals sehr schlimm weh","Postposition beri","gesundheit|problem|a1","1","gemini_batch_451_600","1"
"542","Gesundheit","A2","Doktorun yazdığı reçeteyi hemen yakındaki bir eczaneden almalısın.","Du musst das vom Arzt verschriebene Rezept in einer nahegelegenen Apotheke abholen.","doktorun yazdığı reçeteyi hemen yakındaki bir eczaneden almalısın","du musst das vom arzt verschriebene rezept in einer nahegelegenen apotheke abholen","Notwendigkeit -meli/-malı","gesundheit|a2","2","gemini_batch_451_600","1"
"543","Gesundheit","A1","Gözlerim çok kızardı, sanırım bahar alerjisi yeniden başladı.","Meine Augen sind sehr rot geworden, ich glaube die Frühlingsallergie hat wieder angefangen.","gözlerim çok kızardı sanırım bahar alerjisi yeniden başladı","meine augen sind sehr rot geworden ich glaube die frühlingsallergie hat wieder angefangen","Präteritum","gesundheit|problem|a1","1","gemini_batch_451_600","1"
"544","Gesundheit","A2","Diş çekimi için randevu aldın mı yoksa hala bekliyor musun?","Hast du einen Termin zum Zähneziehen gemacht oder wartest du noch?","diş çekimi için randevu aldın mı yoksa hala bekliyor musun","hast du einen termin zum zähneziehen gemacht oder wartest du noch","Konjunktion yoksa","gesundheit|zeit|frage|a2","2","gemini_batch_451_600","1"
"545","Gesundheit","A1","Sağlıklı bir yaşam için düzenli egzersiz yapmak şarttır.","Für ein gesundes Leben ist regelmäßiges Training ein Muss.","sağlıklı bir yaşam için düzenli egzersiz yapmak şarttır","für ein gesundes leben ist regelmäßiges training ein muss","Kopula -tir","gesundheit|alltag|a1","1","gemini_batch_451_600","1"
"546","Gesundheit","A2","Karnım ağrıyor, yediğimiz dondurma bana dokunmuş olabilir mi?","Ich habe Bauchschmerzen, könnte mir das Eis, das wir gegessen haben, nicht bekommen sein?","karnım ağrıyor yediğimiz dondurma bana dokunmuş olabilir mi","ich habe bauchschmerzen könnte mir das eis das wir gegessen haben nicht bekommen sein","Möglichkeitsform Frage","gesundheit|essen|frage|a2","3","gemini_batch_451_600","1"
"547","Gesundheit","A1","Geçmiş olsun dileklerin için sana çok teşekkür ederim canım.","Ich danke dir sehr für deine Gute-Besserung-Wünsche, meine Liebe.","geçmiş olsun dileklerin için sana çok teşekkür ederim canım","ich danke dir sehr für deine gute-besserung-wünsche meine liebe","Postposition için","gesundheit|freunde|a1","1","gemini_batch_451_600","1"
"548","Gesundheit","A2","Ateşin oldukça yüksek görünüyor, hemen hastaneye gitmeliyiz bence.","Dein Fieber sieht ziemlich hoch aus, meiner Meinung nach sollten wir sofort ins Krankenhaus fahren.","ateşin oldukça yüksek görünüyor hemen hastaneye gitmeliyiz bence","dein fieber sieht ziemlich hoch aus meiner meinung nach sollten wir sofort ins krankenhaus fahren","Notwendigkeit -meli/-malı","gesundheit|problem|a2","2","gemini_batch_451_600","1"
"549","Gesundheit","A2","Ameliyattan sonra ayağa kalkması ne kadar zaman alacak?","Wie lange wird es dauern, bis er nach der Operation aufsteht?","ameliyattan sonra ayağa kalkması ne kadar zaman alacak","wie lange wird es dauern bis er nach der operation aufsteht","Ablativ + sonra","gesundheit|zeit|frage|a2","2","gemini_batch_451_600","1"
"550","Gesundheit","A1","Vitamin haplarını her gün kahvaltıdan sonra tok karnına içiyorum.","Ich nehme die Vitamintabletten jeden Tag nach dem Frühstück auf vollen Magen.","vitamin haplarını her gün kahvaltıdan sonra tok karnına içiyorum","ich nehme die vitamintabletten jeden tag nach dem frühstück auf vollen magen","Präsens (Yor)","gesundheit|alltag|a1","2","gemini_batch_451_600","1"
"551","Zeit","A1","Film tam olarak saat onda başlayacak, lütfen gecikmeyin.","Der Film wird genau um zehn Uhr beginnen, bitte verspäten Sie sich nicht.","film tam olarak saat onda başlayacak lütfen gecikmeyin","der film wird genau um zehn uhr beginnen bitte verspäten sie sich nicht","Futur -ecek/-acak","zeit|freizeit|a1","1","gemini_batch_451_600","1"
"552","Zeit","A1","Bugün günlerden perşembe mi yoksa haftanın son günü cuma mı?","Ist heute Donnerstag oder der letzte Tag der Woche, Freitag?","bugün günlerden perşembe mi yoksa haftanın son günü cuma mı","ist heute donnerstag oder der letzte tag der woche freitag","Konjunktion yoksa","zeit|frage|a1","1","gemini_batch_451_600","1"
"553","Zeit","A2","Önümüzdeki yıl bu zamanlarda çok farklı bir yerde olacağım.","Nächstes Jahr um diese Zeit werde ich an einem ganz anderen Ort sein.","önümüzdeki yıl bu zamanlarda çok farklı bir yerde olacağım","nächstes jahr um diese zeit werde ich an einem ganz anderen ort sein","Futur -ecek/-acak","zeit|ort|a2","2","gemini_batch_451_600","1"
"554","Zeit","A2","Trenin kalkmasına sadece birkaç dakika kaldı, acele etmeliyiz!","Es bleiben nur noch wenige Minuten bis zur Abfahrt des Zuges, wir müssen uns beeilen!","trenin kalkmasına sadece birkaç dakika kaldı acele etmeliyiz","es bleiben nur noch wenige minuten bis zur abfahrt des zuges wir müssen uns beeilen","Notwendigkeit -meli/-malı","zeit|reise|a2","2","gemini_batch_451_600","1"
"555","Zeit","A1","Geçen sonbaharda buradaki yaprakların rengi çok daha canlıydı.","Letzten Herbst war die Farbe der Blätter hier viel lebendiger.","geçen sonbaharda buradaki yaprakların rengi çok daha canlıydı","letzten herbst war die farbe der blätter hier viel lebendiger","Präteritum (Kopula)","zeit|wetter|a1","1","gemini_batch_451_600","1"
"556","Zeit","A2","Toplantı iki saatten fazla sürdü, herkes çok yoruldu.","Das Meeting dauerte mehr als zwei Stunden, jeder war sehr müde.","toplantı iki saatten fazla sürdü herkes çok yoruldu","das meeting dauerte mehr als zwei stunden jeder war sehr müde","Ablativ -den/-dan","zeit|arbeit|a2","2","gemini_batch_451_600","1"
"557","Zeit","A2","Seninle en son görüştüğümüzden beri ne kadar zaman geçti?","Wie viel Zeit ist vergangen, seit wir uns das letzte Mal getroffen haben?","seninle en son görüştüğümüzden beri ne kadar zaman geçti","wie viel zeit ist vergangen seit wir uns das letzte mal getroffen haben","Postposition beri","zeit|freunde|frage|a2","3","gemini_batch_451_600","1"
"558","Zeit","A2","Şimdi çıkarsak trafiğe takılmadan zamanında oraya varabilir miyiz?","Können wir, wenn wir jetzt losfahren, pünktlich dort ankommen, ohne in den Verkehr zu geraten?","şimdi çıkarsak trafiğe takılmadan zamanında oraya varabilir miyiz","können wir wenn wir jetzt losfahren pünktlich dort ankommen ohne in den verkehr zu geraten","Bedingung -se/-sa","zeit|reise|frage|a2","3","gemini_batch_451_600","1"
"559","Zeit","A1","Zaman gerçekten su gibi akıp geçiyor, inanamıyorum.","Die Zeit vergeht wirklich wie fließendes Wasser, ich kann es nicht glauben.","zaman gerçekten su gibi akıp geçiyor inanamıyorum","die zeit vergeht wirklich wie fließendes wasser ich kann es nicht glauben","Gerundium -ip","zeit|alltag|a1","2","gemini_batch_451_600","1"
"560","Zeit","A1","Sabah saat sekizde kurduğum alarm nedense hiç çalmadı.","Der Wecker, den ich morgens um acht gestellt hatte, hat aus irgendeinem Grund gar nicht geklingelt.","sabah saat sekizde kurduğum alarm nedense hiç çalmadı","der wecker den ich morgens um acht gestellt hatte hat aus irgendeinem grund gar nicht geklingelt","Präteritum Negation","zeit|alltag|a1","2","gemini_batch_451_600","1"
"561","Ort","A1","Benim güneş gözlüğüm arabanın torpido gözünde kalmış olabilir mi?","Könnte meine Sonnenbrille im Handschuhfach des Autos geblieben sein?","benim güneş gözlüğüm arabanın torpido gözünde kalmış olabilir mi","könnte meine sonnenbrille im handschuhfach des autos geblieben sein","Möglichkeitsform Frage","ort|reise|frage|a1","2","gemini_batch_451_600","1"
"562","Ort","A2","Eczane şu köşedeki büyük süpermarketin tam arka tarafında.","Die Apotheke befindet sich genau auf der Rückseite des großen Supermarkts an dieser Ecke dort.","eczane şu köşedeki büyük süpermarketin tam arka tarafında","die apotheke befindet sich genau auf der rückseite des großen supermarkts an dieser ecke dort","Genitiv-Possessiv","ort|einkaufen|a2","2","gemini_batch_451_600","1"
"563","Ort","A1","Evimizin karşısındaki çocuk parkı nihayet tadilattan sonra açıldı.","Der Spielplatz gegenüber unserem Haus wurde nach der Renovierung endlich eröffnet.","evimizin karşısındaki çocuk parkı nihayet tadilattan sonra açıldı","der spielplatz gegenüber unserem haus wurde nach der renovierung endlich eröffnet","Postposition karşı","ort|wohnen|a1","2","gemini_batch_451_600","1"
"564","Ort","A2","Sence bu şehirde yaşamanın en zor yanı tam olarak neresi?","Was genau ist deiner Meinung nach der schwierigste Aspekt am Leben in dieser Stadt?","sence bu şehirde yaşamanın en zor yanı tam olarak neresi","was genau ist deiner meinung nach der schwierigste aspekt am leben in dieser stadt","Fragewort neresi","ort|alltag|frage|a2","2","gemini_batch_451_600","1"
"565","Ort","A1","Dolabın üst rafına ulaşabilmek için bana bir tabure getirir misin?","Kannst du mir einen Hocker bringen, damit ich das obere Regal des Schranks erreichen kann?","dolabın üst rafına ulaşabilmek için bana bir tabure getirir misin","kannst du mir einen hocker bringen damit ich das obere regal des schranks erreichen kann","Aorist Frage","ort|alltag|frage|a1","2","gemini_batch_451_600","1"
"566","Ort","A2","Kitabımı yatağın altında buldum, oraya nasıl girdiğini bilmiyorum.","Ich habe mein Buch unter dem Bett gefunden, ich weiß nicht, wie es dorthin gekommen ist.","kitabımı yatağın altında buldum oraya nasıl girdiğini bilmiyorum","ich habe mein buch unter dem bett gefunden ich weiß nicht wie es dorthin gekommen ist","Objektsatz (dik)","ort|alltag|a2","3","gemini_batch_451_600","1"
"567","Ort","A1","Sizin şirketiniz şehrin hangi yakasında faaliyet gösteriyor?","Auf welcher Seite der Stadt ist Ihr Unternehmen tätig?","sizin şirketiniz şehrin hangi yakasında faaliyet gösteriyor","auf welcher seite der stadt ist ihr unternehmen tätig","Lokativ -de/-da","ort|arbeit|frage|a1","1","gemini_batch_451_600","1"
"568","Ort","A2","Masadaki boş bardakları alıp hemen mutfağa götürmelisin.","Du solltest die leeren Gläser vom Tisch nehmen und sie sofort in die Küche bringen.","masadaki boş bardakları alıp hemen mutfağa götürmelisin","du solltest die leeren gläser vom tisch nehmen und sie sofort in die küche bringen","Notwendigkeit -meli/-malı","ort|haushalt|a2","2","gemini_batch_451_600","1"
"569","Ort","A1","Arabanı bu dar sokağa park etmek gerçekten güvenli mi?","Ist es wirklich sicher, dein Auto in dieser engen Straße zu parken?","arabanı bu dar sokağa park etmek gerçekten güvenli mi","ist es wirklich sicher dein auto in dieser engen straße zu parken","Fragepartikel mı/mi","ort|reise|frage|a1","1","gemini_batch_451_600","1"
"570","Ort","A2","Köyümüz ormanın bittiği yerde, harika bir gölün kıyısındadır.","Unser Dorf liegt dort, wo der Wald endet, am Ufer eines wunderbaren Sees.","köyümüz ormanın bittiği yerde harika bir gölün kıyısındadır","unser dorf liegt dort wo der wald endet am ufer eines wunderbaren sees","Kopula -dir","ort|reise|a2","3","gemini_batch_451_600","1"
"571","Fragen","A1","Bu zorlu sınavdan geçmek için ne kadar çalışmamız gerekiyor?","Wie viel müssen wir lernen, um diese schwierige Prüfung zu bestehen?","bu zorlu sınavdan geçmek için ne kadar çalışmamız gerekiyor","wie viel müssen wir lernen um diese schwierige prüfung zu bestehen","Fragewort ne kadar","fragen|schule|frage|a1","1","gemini_batch_451_600","1"
"572","Fragen","A1","Hangi filmi izlemek istersin, komedi mi yoksa aksiyon mu?","Welchen Film möchtest du sehen, Komödie oder Action?","hangi filmi izlemek istersin komedi mi yoksa aksiyon mu","welchen film möchtest du sehen komödie oder action","Fragewort hangi","fragen|freizeit|frage|a1","1","gemini_batch_451_600","1"
"573","Fragen","A2","Neden bana olan biten her şeyi daha önce anlatmadın?","Warum hast du mir nicht vorher alles erzählt, was passiert ist?","neden bana olan biten her şeyi daha önce anlatmadın","warum hast du mir nicht vorher alles erzählt was passiert ist","Fragewort neden","fragen|alltag|frage|a2","2","gemini_batch_451_600","1"
"574","Fragen","A2","Seni bu akşamki konsere benimle gelmeye nasıl ikna edebilirim?","Wie kann ich dich überzeugen, heute Abend mit mir zum Konzert zu kommen?","seni bu akşamki konsere benimle gelmeye nasıl ikna edebilirim","wie kann ich dich überzeugen heute abend mit mir zum konzert zu kommen","Fragewort nasıl","fragen|freizeit|frage|a2","2","gemini_batch_451_600","1"
"575","Fragen","A1","Yarın hava yağmurlu olursa pikniğimizi iptal edecek miyiz?","Werden wir unser Picknick absagen, wenn das Wetter morgen regnerisch ist?","yarın hava yağmurlu olursa pikniğimizi iptal edecek miyiz","werden wir unser picknick absagen wenn das wetter morgen regnerisch ist","Futur Frage","fragen|wetter|frage|a1","2","gemini_batch_451_600","1"
"576","Fragen","A2","Tatlılardan hangisini tercih ediyorsun, sütlü mü şerbetli mi?","Welches der Desserts bevorzugst du, eines mit Milch oder eines mit Sirup?","tatlılardan hangisini tercih ediyorsun sütlü mü şerbetli mi","welches der desserts bevorzugst du eines mit milch oder eines mit sirup","Ablativ -den/-dan","fragen|essen|frage|a2","2","gemini_batch_451_600","1"
"577","Fragen","A1","Odanın ortasındaki bu devasa kutunun içinde ne var?","Was ist in dieser riesigen Kiste in der Mitte des Zimmers?","odanın ortasındaki bu devasa kutunun içinde ne var","was ist in dieser riesigen kiste in der mitte des zimmers","Fragewort ne","fragen|alltag|frage|a1","1","gemini_batch_451_600","1"
"578","Fragen","A2","Bugün derse neden bu kadar geç kaldığını açıklayabilir misin?","Kannst du erklären, warum du heute so spät zum Unterricht gekommen bist?","bugün derse neden bu kadar geç kaldığını açıklayabilir misin","kannst du erklären warum du heute so spät zum unterricht gekommen bist","Objektsatz (dik)","fragen|schule|frage|a2","3","gemini_batch_451_600","1"
"579","Fragen","A1","Bana bu konuda tavsiye verebilecek başka biri var mı?","Gibt es noch jemanden, der mir in dieser Angelegenheit einen Rat geben kann?","bana bu konuda tavsiye verebilecek başka biri var mı","gibt es noch jemanden der mir in dieser angelegenheit einen rat geben kann","Var/Yok","fragen|problem|frage|a1","2","gemini_batch_451_600","1"
"580","Fragen","A2","Yeni projemizin teslim tarihi hakkında kimden bilgi alabilirim?","Von wem kann ich Informationen über das Abgabedatum unseres neuen Projekts bekommen?","yeni projemizin teslim tarihi hakkında kimden bilgi alabilirim","von wem kann ich informationen über das abgabedatum unseres neuen projekts bekommen","Fragewort kimden","fragen|arbeit|frage|a2","2","gemini_batch_451_600","1"
"581","Smalltalk","A1","Son günlerde havalar gerçekten çok dengesiz, bir soğuk bir sıcak.","In den letzten Tagen ist das Wetter wirklich sehr instabil, mal kalt, mal heiß.","son günlerde havalar gerçekten çok dengesiz bir soğuk bir sıcak","in den letzten tagen ist das wetter wirklich sehr instabil mal kalt mal heiß","Adjektive","smalltalk|wetter|a1","1","gemini_batch_451_600","1"
"582","Smalltalk","A2","Dün akşamki final maçının skorunu tahmin edebilmiş miydin?","Hattest du den Spielstand des gestrigen Finalspiels erraten können?","dün akşamki final maçının skorunu tahmin edebilmiş miydin","hattest du den spielstand des gestrigen finalspiels erraten können","Plusquamperfekt Frage","smalltalk|freizeit|frage|a2","3","gemini_batch_451_600","1"
"583","Smalltalk","A1","Saçlarını yeni mi boyattın, bu renk sana çok yakışmış.","Hast du dir die Haare neu gefärbt, diese Farbe steht dir sehr gut.","saçlarını yeni mi boyattın bu renk sana çok yakışmış","hast du dir die haare neu gefärbt diese farbe steht dir sehr gut","Miş-Vergangenheit","smalltalk|freunde|a1","2","gemini_batch_451_600","1"
"584","Smalltalk","A2","Şu sıralar okuduğun ilginç bir roman veya makale var mı?","Gibt es einen interessanten Roman oder Artikel, den du derzeit liest?","şu sıralar okuduğun ilginç bir roman veya makale var mı","gibt es einen interessanten roman oder artikel den du derzeit liest","Relativsatz -dik","smalltalk|hobby|frage|a2","2","gemini_batch_451_600","1"
"585","Smalltalk","A1","Zaman ne çabuk geçiyor, çocuklarımız bile okula başladı.","Wie schnell die Zeit vergeht, sogar unsere Kinder haben mit der Schule angefangen.","zaman ne çabuk geçiyor çocuklarımız bile okula başladı","wie schnell die zeit vergeht sogar unsere kinder haben mit der schule angefangen","Präteritum","smalltalk|familie|a1","1","gemini_batch_451_600","1"
"586","Smalltalk","A1","Hafta sonunu nerede ve nasıl geçirmeyi planlıyorsun, evde mi?","Wo und wie planst du das Wochenende zu verbringen, zu Hause?","hafta sonunu nerede ve nasıl geçirmeyi planlıyorsun evde mi","wo und wie planst du das wochenende zu verbringen zu hause","Präsens (Yor)","smalltalk|freizeit|frage|a1","1","gemini_batch_451_600","1"
"587","Smalltalk","A2","Geçen gün sokakta karşılaştığımızda acelen olduğu için konuşamadık.","Als wir uns neulich auf der Straße trafen, konnten wir nicht reden, weil du in Eile warst.","geçen gün sokakta karşılaştığımızda acelen olduğu için konuşamadık","als wir uns neulich auf der straße trafen konnten wir nicht reden weil du in eile warst","Möglichkeitsform Negation","smalltalk|freunde|a2","3","gemini_batch_451_600","1"
"588","Smalltalk","A2","İş yerindeki yeni değişiklikler hakkında sen ne düşünüyorsun?","Was denkst du über die neuen Veränderungen am Arbeitsplatz?","iş yerindeki yeni değişiklikler hakkında sen ne düşünüyorsun","was denkst du über die neuen veränderungen am arbeitsplatz","Postposition hakkında","smalltalk|arbeit|frage|a2","2","gemini_batch_451_600","1"
"589","Smalltalk","A2","Tatil dönüşü işe adapte olmak gerçekten herkes için zor oluyor.","Sich nach der Rückkehr aus dem Urlaub an die Arbeit anzupassen, ist wirklich für jeden schwer.","tatil dönüşü işe adapte olmak gerçekten herkes için zor oluyor","sich nach der rückkehr aus dem urlaub an die arbeit anzupassen ist wirklich für jeden schwer","Präsens (Yor)","smalltalk|arbeit|a2","2","gemini_batch_451_600","1"
"590","Smalltalk","A1","Bugün trafikte çok uzun süre bekledik, her yer tıkanmıştı.","Heute haben wir sehr lange im Verkehr gewartet, überall war es verstopft.","bugün trafikte çok uzun süre bekledik her yer tıkanmıştı","heute haben wir sehr lange im verkehr gewartet überall war es verstopft","Plusquamperfekt","smalltalk|alltag|a1","2","gemini_batch_451_600","1"
"591","Notfall","A1","Çabuk polisi arayın, evimize arka pencereden bir hırsız girmiş!","Rufen Sie schnell die Polizei, ein Dieb ist durch das hintere Fenster in unser Haus eingedrungen!","çabuk polisi arayın evimize arka pencereden bir hırsız girmiş","rufen sie schnell die polizei ein dieb ist durch das hintere fenster in unser haus eingedrungen","Imperativ","notfall|problem|a1","2","gemini_batch_451_600","1"
"592","Notfall","A2","Yangın alarmları çalıyor, herkes sakin bir şekilde binayı boşaltsın.","Die Feueralarme klingeln, jeder soll das Gebäude auf ruhige Weise evakuieren.","yangın alarmları çalıyor herkes sakin bir şekilde binayı boşaltsın","die feueralarme klingeln jeder soll das gebäude auf ruhige weise evakuieren","Imperativ","notfall|gefahr|a2","2","gemini_batch_451_600","1"
"593","Notfall","A1","Arkadaşım nefes almakta zorlanıyor, hemen bir ambulans çağırır mısınız?","Mein Freund hat Schwierigkeiten beim Atmen, könnten Sie sofort einen Krankenwagen rufen?","arkadaşım nefes almakta zorlanıyor hemen bir ambulans çağırır mısınız","mein freund hat schwierigkeiten beim atmen könnten sie sofort einen krankenwagen rufen","Aorist Frage","notfall|gesundheit|frage|a1","1","gemini_batch_451_600","1"
"594","Notfall","A1","Arabam ıssız bir yolda bozuldu, bana acil çekici lazım.","Mein Auto ist auf einer einsamen Straße liegengeblieben, ich brauche dringend einen Abschleppwagen.","arabam ıssız bir yolda bozuldu bana acil çekici lazım","mein auto ist auf einer einsamen straße liegengeblieben ich brauche dringend einen abschleppwagen","Notwendigkeit lazım","notfall|reise|a1","1","gemini_batch_451_600","1"
"595","Notfall","A2","Cüzdanımı metroda düşürdüm, kimliğim ve kartlarım onun içindeydi.","Ich habe mein Portemonnaie in der U-Bahn fallen gelassen, mein Ausweis und meine Karten waren darin.","cüzdanımı metroda düşürdüm kimliğim ve kartlarım onun içindeydi","ich habe mein portemonnaie in der u-bahn fallen gelassen mein ausweis und meine karten waren darin","Präteritum (Kopula)","notfall|problem|a2","2","gemini_batch_451_600","1"
"596","Notfall","A1","Lütfen bana yardım edin, küçük oğlumu kalabalıkta kaybettim!","Bitte helfen Sie mir, ich habe meinen kleinen Sohn in der Menge verloren!","lütfen bana yardım edin küçük oğlumu kalabalıkta kaybettim","bitte helfen sie mir ich habe meinen kleinen sohn in der menge verloren","Imperativ","notfall|familie|a1","1","gemini_batch_451_600","1"
"597","Notfall","A2","Pasaportum çalındı, büyükelçiliğe gitmek için ne yapmalıyım?","Mein Pass wurde gestohlen, was muss ich tun, um zur Botschaft zu gehen?","pasaportum çalındı büyükelçiliğe gitmek için ne yapmalıyım","mein pass wurde gestohlen was muss ich tun um zur botschaft zu gehen","Notwendigkeit -meli/-malı","notfall|reise|frage|a2","2","gemini_batch_451_600","1"
"598","Notfall","A1","Acil servis girişi bu caddenin tam olarak neresinde kalıyor?","Wo genau auf dieser Straße befindet sich der Eingang zur Notaufnahme?","acil servis girişi bu caddenin tam olarak neresinde kalıyor","wo genau auf dieser straße befindet sich der eingang zur notaufnahme","Fragewort nerede","notfall|ort|frage|a1","1","gemini_batch_451_600","1"
"599","Notfall","A2","Köpeğim aniden yola fırladı ve ona bir araba çarptı.","Mein Hund ist plötzlich auf die Straße gerannt und ein Auto hat ihn angefahren.","köpeğim aniden yola fırladı ve ona bir araba çarptı","mein hund ist plötzlich auf die straße gerannt und ein auto hat ihn angefahren","Präteritum","notfall|problem|a2","2","gemini_batch_451_600","1"
"600","Notfall","A2","Bileğim çok kötü burkuldu, sanırım üzerine hiç basamayacağım.","Mein Knöchel ist sehr schlimm verstaucht, ich glaube, ich werde überhaupt nicht darauf treten können.","bileğim çok kötü burkuldu sanırım üzerine hiç basamayacağım","mein knöchel ist sehr schlimm verstaucht ich glaube ich werde überhaupt nicht darauf treten können","Möglichkeitsform Negation","notfall|gesundheit|a2","3","gemini_batch_451_600","1"